Mplus VERSION 8.6
MUTHEN & MUTHEN
07/13/2026   4:58 PM

INPUT INSTRUCTIONS

  TITLE:
          Causal rGE on differential parenting;

  DATA:
          FILE IS "c:\Repo\data_local\withinfamrGE_addh_missfix.csv";




  VARIABLE:
          Names are AID FAM GPAIRID GID GFAM
          pgs ANCESTRY SCID sex age_1 age_3
          white african native asian other hispanic
          income par_ed par_age
          par_sex par_marry
          bad_temper pr_parent pr_child del_peer scho_con
          asb_1 asb_3 sub_1 sub_3
          par_sub autonomy par_involv adhd;

          usevariables are FAM
           pgs sex age_1 !age_3
           pr_parent pr_child del_peer scho_con
           asb_1 sub_1
           asb_3 sub_3
           pgs_m sex_m age_1_m !age_3_m
           income_m par_ed_m
           afr eas his;

          CLUSTER IS FAM;

          WITHIN ARE
           pgs sex age_1 !age_3
           ;

          BETWEEN ARE
          pgs_m sex_m age_1_m !age_3_m
          income_m par_ed_m
          afr eas his;


          Missing are .;


  DEFINE:
          del_peer = -del_peer;
          afr = 0;
          eas = 0;
          his = 0;
          IF(ANCESTRY EQ 2)THEN afr = 1;
          IF(ANCESTRY EQ 3)THEN eas = 1;
          IF(ANCESTRY EQ 4)THEN his = 1;
          income = log(income + 1);
          pgs_m = CLUSTER_MEAN(pgs);
          sex_m = CLUSTER_MEAN(sex);
          age_1_m = CLUSTER_MEAN(age_1);
          !age_3_m = CLUSTER_MEAN(age_3);
          income_m = CLUSTER_MEAN(income);
          par_ed_m = CLUSTER_MEAN(par_ed);
          CENTER pgs sex age_1(GROUPMEAN);
          !CENTER age_3(GROUPMEAN);

  ANALYSIS:

          TYPE = TWOLEVEL RANDOM;
          ESTIMATOR = BAYES;
          !ESTIMATOR=WLSM;
          !BOOTSTRAP = 20000;
          PROC = 10;
          CHAINS = 10;
          FBITERATIONS= 30000;

  MODEL:

          %WITHIN%

          pr_parent pr_child del_peer scho_con asb_3 sub_3 asb_1 sub_1 ON sex age_1;
          pr_parent ON pgs (w1);
          pr_child ON pgs (w2);
          del_peer ON pgs (w3);
          scho_con ON pgs (w4);
          asb_1 ON pgs;
          sub_1 ON pgs;
          asb_3 ON pgs;
          sub_3 ON pgs;

          [pgs sex age_1 @0];
          pgs sex age_1 ;
          pgs sex age_1 WITH pgs sex age_1 ;

          %BETWEEN%
          pr_parent pr_child del_peer scho_con asb_1 sub_1 asb_3 sub_3;
          pgs_m sex_m age_1_m income_m par_ed_m afr eas his;

          pr_parent ON pgs_m (b1);
          pr_child ON pgs_m (b2);
          del_peer ON pgs_m (b3);
          scho_con ON pgs_m (b4);

          pr_parent ON  sex_m age_1_m income_m par_ed_m afr eas his;
          pr_child ON  sex_m age_1_m income_m par_ed_m afr eas his;
          del_peer ON  sex_m age_1_m income_m par_ed_m afr eas his;
          scho_con ON  sex_m age_1_m income_m par_ed_m afr eas his;
          asb_1 sub_1 ON pgs_m sex_m age_1_m income_m par_ed_m afr eas his;
          asb_3 sub_3 ON pgs_m sex_m age_1_m income_m par_ed_m afr eas his;

          pgs_m sex_m WITH pgs_m sex_m age_1_m income_m par_ed_m afr eas his;
          age_1_m WITH pgs_m sex_m age_1_m income_m par_ed_m afr eas his;
          income_m WITH pgs_m sex_m age_1_m income_m par_ed_m afr eas his;
          par_ed_m WITH pgs_m sex_m age_1_m income_m par_ed_m afr eas his;
          afr eas his WITH pgs_m sex_m age_1_m income_m par_ed_m afr eas his;

  MODEL CONSTRAINT:

  NEW (d_parent d_child d_peer d_scho);

  d_parent = b1-w1;
  d_child = b2-w2;
  d_peer = b3-w3;
  d_scho = b4-w4;


  OUTPUT: TECH1 TECH8 CINTERVAL;
  PLOT: TYPE = PLOT2;




*** WARNING in VARIABLE command
  Note that only the first 8 characters of variable names are used in the output.
  Shorten variable names to avoid any confusion.
*** WARNING in MODEL command
  TYPE=RANDOM is used to declare random effect variables in the model.
  No random effect variables were found.  TYPE=RANDOM will be ignored.
*** WARNING in PLOT command
  Note that only the first 8 characters of variable names are used in plots.
  If variable names are not unique within the first 8 characters, problems
  may occur.
*** WARNING
  One or more individual-level variables have no variation within a
  cluster for the following clusters.

     Variable   Cluster IDs with no within-cluster variation

      PR_PAREN    1122 1852 1155 2866 3192 2515 2863 1055 3251 2197 2097 1318 1274 3308 1336 1102
                  2383 2382 1143 1648 3099 1345 2731 1015 3410 3761 2719 1085 3664 3463 3679 1580
                  1150 2919 3736 2970 1008 3256 1819 1837 1938 1027 2270 3480 1121 2398 3770 1881
                  2770 1672 2742 2166 1407 2254 1059 2025 1108 1349 1433 1962 3738 3518 1010 3667
                  2446 1656 2379 1880 1883 1988 1957 1026 2555 3397 1870 1667 2292 2864 1415 3574
                  2954 1531 3263 3341 3724 2477 2061 2397 2426 1789 3779 3755 2318 1606 2697 2350
                  3070 3061 3057 3578 3219 1509 1338 2118 1263 2559 1065 2761 1221 2199 3200 2512
                  3327 3590 2788 2690 3649 2355 3135 1635 1432 2045 2545 1805 3746 1997 1168 2257
                  2409 1930 1510 3577 2809 2003 2636 1442 2907 1024 3449 1704 3293 1812 2056 3255
                  3680 3486 1508 2924 3774 1017 1794 2296 3630 2252 3337 2303 2403 2662 2933 3393
                  3672 1465 2261 1249 3062 1171 3189 3565 3685 1770 2619 2208 1936 2586 2216 1721
                  2013 3561 1072 1028 2914 3682 3751 3525 3398 2541 1552 3583 2921
      PR_CHILD    1155 2749 2046 3422 3064 3533 1518 3410 3073 1008 3363 3763 2946 2152 2543 1538
                  2079 1989 1389 3560 2061 2628 3306 1922 1606 3070 3000 2415 1263 1036 3764 3200
                  1288 1635 1432 2686 2597 2262 1544 1309 3680 2689 3630 2729 1560 1424 1936 3006
                  1028 2708 1041
      DEL_PEER    1122 1255 2305 1645 2046 1615 2304 2556 3313 1348 3093 1102 3064 3533 2382 3097
                  1732 1722 1345 2225 1015 1984 3664 2581 3687 1661 1751 2970 1008 3688 2270 2507
                  1853 2181 1881 2680 3363 3137 2742 3441 2152 1034 1974 3229 1311 3738 1713 2735
                  2446 1123 2431 3280 1883 1957 3397 1667 3695 2389 3574 1979 1470 2870 3074 2061
                  2628 3482 2697 1742 2069 3462 2415 1943 1456 1509 3549 3132 1884 1384 2526 1267
                  1263 2936 3156 3224 2199 3327 3023 2833 3649 3135 3279 1635 3436 1831 2988 1610
                  1899 1220 1958 2262 1935 2822 1858 2809 1024 1544 1047 1309 3399 3232 2349 2577
                  2590 2682 1400 1605 3043 2656 2933 2261 1249 3062 1961 3045 1841 1663 1007 3398
                  1573 3484 1421
      SCHO_CON    3533 3679 1008 1974 2379 1958 3449 3071 1465 3537
      ASB_1       1498 1852 2749 2253 1255 1702 2433 2863 1280 1615 2197 2097 2973 3313 1336 3093
                  1102 1687 1697 3064 3533 1608 2383 2382 1063 1143 1984 3063 3664 2215 2581 1661
                  3463 3679 3767 2970 1524 1708 3653 2270 1853 3775 2398 2014 3374 2293 3137 2166
                  1033 2821 1974 3518 2650 2592 1713 3452 3478 1123 3750 2565 3280 3016 1957 2555
                  2915 3307 2174 1870 1667 1595 1415 2079 3695 1457 2389 1989 2624 3678 1979 1531
                  3141 3780 2755 2794 3272 2870 2061 1157 2628 3306 1789 1382 1437 3471 1141 2088
                  2415 1297 3549 3505 1338 1384 1707 2526 1267 2118 1061 2562 2795 2761 1151 3764
                  3224 1451 3339 3365 3200 3327 2788 1300 2690 2833 3649 2355 1288 3135 1635 1831
                  2119 1432 2988 3171 3746 1610 1997 2257 1899 2503 2237 1510 1935 1232 1858 1903
                  1442 1024 1704 1544 2117 3635 2349 3077 3255 2577 1752 1505 1365 3486 1508 1017
                  2488 2682 2725 2296 1310 2351 1069 2851 1605 2122 3630 3043 3632 2662 2656 1044
                  2149 1764 2468 1424 2261 1249 3565 2828 3068 2699 1917 3685 2619 2208 2586 2216
                  3006 1928 3562 1363 3206 3134 2155 1007 1356 1230 2162 3398 3532 3484 3151 1421
                  3720
      SUB_1       1122 1255 2863 2304 2197 1274 1102 3533 1063 3073 1661 3767 2970 1008 3379 1915
                  2435 1853 2427 2680 2014 3363 2166 2152 3738 1010 1352 1957 2555 3307 2174 2864
                  1531 2870 1742 2415 3132 2795 2936 2199 2355 3436 2988 1544 1287 3399 2349 1752
                  2296 1605 1764 1917 1950 3685 2619 1936 1841 1072 3637 1007 3484 1552 3198
      ASB_3       1498 1852 2749 2253 1255 1702 2433 2863 1280 1615 2197 2097 2973 3313 1336 3093
                  1102 1687 1697 3064 3533 1608 2383 2382 1063 1143 1984 3063 3664 2215 2581 1661
                  3463 3679 3767 2970 1524 1708 3653 2270 1853 3775 2398 2014 3374 2293 3137 2166
                  1033 2821 1974 3518 2650 2592 1713 3452 3478 1123 3750 2565 3280 3016 1957 2555
                  2915 3307 2174 1870 1667 1595 1415 2079 3695 1457 2389 1989 2624 3678 1979 1531
                  3141 3780 2755 2794 3272 2870 2061 1157 2628 3306 1789 1382 1437 3471 1141 2088
                  2415 1297 3549 3505 1338 1384 1707 2526 1267 2118 1061 2562 2795 2761 1151 3764
                  3224 1451 3339 3365 3200 3327 2788 1300 2690 2833 3649 2355 1288 3135 1635 1831
                  2119 1432 2988 3171 3746 1610 1997 2257 1899 2503 2237 1510 1935 1232 1858 1903
                  1442 1024 1704 1544 2117 3635 2349 3077 3255 2577 1752 1505 1365 3486 1508 1017
                  2488 2682 2725 2296 1310 2351 1069 2851 1605 2122 3630 3043 3632 2662 2656 1044
                  2149 1764 2468 1424 2261 1249 3565 2828 3068 2699 1917 3685 2619 2208 2586 2216
                  3006 1928 3562 1363 3206 3134 2155 1007 1356 1230 2162 3398 3532 3484 3151 1421
                  3720
      SUB_3       1122 1255 2863 2304 2197 1274 1102 3533 1063 3073 1661 3767 2970 1008 3379 1915
                  2435 1853 2427 2680 2014 3363 2166 2152 3738 1010 1352 1957 2555 3307 2174 2864
                  1531 2870 1742 2415 3132 2795 2936 2199 2355 3436 2988 1544 1287 3399 2349 1752
                  2296 1605 1764 1917 1950 3685 2619 1936 1841 1072 3637 1007 3484 1552 3198

   4 WARNING(S) FOUND IN THE INPUT INSTRUCTIONS




Causal rGE on differential parenting;

SUMMARY OF ANALYSIS

Number of groups                                                 1
Number of observations                                        1589

Number of dependent variables                                    8
Number of independent variables                                 11
Number of continuous latent variables                            0

Observed dependent variables

  Continuous
   PR_PARENT   PR_CHILD    DEL_PEER    SCHO_CON    ASB_1       SUB_1
   ASB_3       SUB_3

Observed independent variables
   PGS         SEX         AGE_1       PGS_M       SEX_M       AGE_1_M
   INCOME_M    PAR_ED_M    AFR         EAS         HIS

Variables with special functions

  Cluster variable      FAM

  Within variables
   PGS         SEX         AGE_1

  Between variables
   PGS_M       SEX_M       AGE_1_M     INCOME_M    PAR_ED_M    AFR
   EAS         HIS

  Centering (GROUPMEAN)
   PGS         SEX         AGE_1


Estimator                                                    BAYES
Specifications for Bayesian Estimation
  Point estimate                                            MEDIAN
  Number of Markov chain Monte Carlo (MCMC) chains              10
  Random seed for the first chain                                0
  Starting value information                           UNPERTURBED
  Algorithm used for Markov chain Monte Carlo           GIBBS(PX1)
  Fixed number of iterations                                 30000
  K-th iteration used for thinning                               1

Input data file(s)
  c:\Repo\data_local\withinfamrGE_addh_missfix.csv
Input data format  FREE


SUMMARY OF DATA

     Number of clusters                        777

       Size (s)    Cluster ID with Size s

          2        3210 3508 3473 1498 1122 1852 1436 1155 2749 1250 2253
                   1255 3265 3089 2193 2866 1481 3321 1702 2490 2982 2433
                   3192 3737 3254 2305 2156 1358 1645 2515 2863 1280 3152
                   1659 2046 1512 1581 1453 1055 3251 2224 1615 1119 2814
                   2400 2304 2197 2097 3352 2556 2938 2973 3684 3313 1318
                   1348 1878 2041 3110 1568 1274 2058 2710 1860 3422 2899
                   2182 3584 2881 3308 3196 2727 1503 1404 1336 3093 1102
                   1687 1665 1697 3396 3064 3533 1608 2399 2916 2383 1577
                   2790 1296 2955 2382 1518 2659 3097 1063 1732 1143 1648
                   1722 1986 3099 1728 1345 3710 2225 2532 1772 2731 1015
                   3410 1984 3761 3100 3063 3073 2021 2905 2845 2719 1085
                   3664 2215 2581 2560 1814 3687 1683 1731 1661 3463 1751
                   3679 3545 1580 3292 1150 3767 2919 3736 2970 1008 1450
                   1524 1800 3379 3256 3609 1233 1708 2231 2123 1146 3054
                   1915 2582 1539 1076 1386 2522 3653 2092 2404 1819 1837
                   1473 3688 1938 1027 2270 2435 3480 2610 2598 2507 1571
                   1853 1570 1507 2816 1643 2287 3176 2427 2791 3589 3433
                   2181 3775 2728 1417 1121 2398 3770 3240 1966 3329 3538
                   1881 2770 2475 1337 2680 3782 3237 2014 2148 2047 1341
                   1638 3374 3363 3763 1717 2469 3592 2293 3137 1672 2742
                   2166 1407 2254 1406 2137 3441 3713 2946 2152 1059 3412
                   1753 1368 1057 3385 1633 1033 2991 1756 2025 3059 1726
                   1108 1034 2821 1974 3044 1349 3204 2268 3229 1311 2333
                   3681 2265 2325 1433 2143 1962 3738 2171 3518 3174 2650
                   2592 1010 3667 1176 1713 1497 3732 2735 3693 1084 1698
                   3452 2446 1656 3478 1563 2677 1123 2431 1352 3638 3750
                   2379 2141 3205 2565 1449 3280 2829 1418 1209 1880 2543
                   2912 2977 3611 1515 1883 3016 3001 1988 1957 1026 1538
                   2206 2555 2915 3397 2448 3307 1632 2869 1224 2174 3503
                   1870 1667 2292 2864 2895 1459 2528 1595 1415 1199 2079
                   3695 1457 1272 1953 1944 2389 1989 2624 1062 1126 2601
                   2165 3574 1362 2004 3678 2954 1389 2511 1871 2093 1549
                   1979 3598 1531 3560 2418 1677 3263 3141 3662 1624 3341
                   3780 2755 2794 1470 3511 1489 3272 3724 2477 2870 3074
                   2061 1157 2628 3306 2362 1922 2397 3423 2874 2426 3439
                   1789 3779 1354 3021 3482 2275 3755 1159 1382 1447 1437
                   1366 3268 2318 1606 3217 2697 3162 3502 3471 1440 3289
                   1020 1742 1467 2218 2059 1411 2350 3070 3061 3769 2714
                   1141 2436 2672 1270 1641 3057 1602 2956 3146 3758 1083
                   2069 3462 3000 3768 3628 2088 1455 2415 3578 1943 2871
                   1456 3219 1297 1509 3549 2939 3505 3133 1338 1603 1494
                   1183 3132 1884 2213 1607 1384 1707 2526 1267 2118 1284
                   1061 1263 2562 1859 2795 2559 2936 1065 2761 1036 1203
                   1151 3156 3764 3332 3224 1221 2779 1451 3339 2070 2199
                   3365 3200 2512 2826 1873 3098 1778 3327 3590 2788 1300
                   2690 3023 3012 2865 2833 1910 3649 2355 1288 3135 2568
                   2893 3279 1947 1380 2668 1635 3436 2300 1831 3690 3474
                   2119 1547 1482 1432 3420 2988 2045 2545 1257 3171 2358
                   3183 1805 3746 1610 2686 1997 1168 1087 2597 2257 1703
                   1899 1220 1958 2503 2409 2262 2237 3633 1930 2842 1510
                   1935 2356 1836 2822 1232 1858 3577 2240 1483 2809 3519
                   1903 2003 2099 2607 2636 1442 2907 1024 3449 1704 1544
                   1047 1991 3293 3069 3259 1812 1309 2312 3347 2886 2056
                   1287 2117 3399 3635 3232 2349 1158 3077 3255 3680 2577
                   3651 1752 1505 3071 1170 1811 2590 1365 3486 1508 2641
                   2131 2924 1357 2689 3774 1017 2488 2682 1794 2434 2725
                   3107 2296 3014 1400 1310 2351 1069 2375 2851 1605 2122
                   3630 2252 3337 2303 3175 2729 2403 3043 3632 2926 2662
                   2656 2220 2933 3393 1271 1044 2149 1564 2861 1764 1560
                   3672 3092 2468 1465 1594 1478 2144 1424 2259 2261 1249
                   3062 1171 3262 2334 3189 1649 3565 2828 2670 3068 2699
                   1917 1961 1950 3305 1320 1849 3517 1375 1238 3685 1396
                   1770 3361 2619 1689 2208 1936 1911 2892 3045 1557 1207
                   2586 2216 2605 3242 1721 2671 2013 1841 3561 3006 1636
                   1928 3562 1663 1072 1363 2633 1028 2914 2393 3206 3134
                   3682 1111 1876 2155 3537 3637 1007 3751 2768 1356 1230
                   2685 2708 2613 2162 3525 2314 1758 2396 3398 2541 3532
                   2473 1573 1528 3484 2317 2554 1552
          3        1522 2884 2177 1750 3198 3467 3579 3641 1446 2837 1281
                   3583 3151 2037 1041 3049 3105 1421 1147 3645 2074 1392
                   3619 2921 3720 3395 2834 3230 1949 1394 3243
          4        1134 2302



COVARIANCE COVERAGE OF DATA

Minimum covariance coverage value   0.100

     Number of missing data patterns            15


     PROPORTION OF DATA PRESENT


           Covariance Coverage
              PGS_M         SEX_M         AGE_1_M       INCOME_M      PAR_ED_M
              ________      ________      ________      ________      ________
 PGS_M          1.000
 SEX_M          1.000         1.000
 AGE_1_M        1.000         1.000         1.000
 INCOME_M       0.824         0.824         0.824         0.824
 PAR_ED_M       0.991         0.991         0.991         0.817         0.991
 AFR            1.000         1.000         1.000         0.824         0.991
 EAS            1.000         1.000         1.000         0.824         0.991
 HIS            1.000         1.000         1.000         0.824         0.991
 PGS            1.000         1.000         1.000         0.824         0.991
 SEX            1.000         1.000         1.000         0.824         0.991
 AGE_1          1.000         1.000         1.000         0.824         0.991
 PR_PAREN       0.884         0.884         0.884         0.804         0.877
 PR_CHILD       0.987         0.987         0.987         0.813         0.982
 DEL_PEER       0.997         0.997         0.997         0.821         0.989
 SCHO_CON       0.996         0.996         0.996         0.820         0.989
 ASB_1          0.999         0.999         0.999         0.823         0.989
 SUB_1          1.000         1.000         1.000         0.824         0.991
 ASB_3          0.999         0.999         0.999         0.823         0.989
 SUB_3          1.000         1.000         1.000         0.824         0.991


           Covariance Coverage
              AFR           EAS           HIS           PGS           SEX
              ________      ________      ________      ________      ________
 AFR            1.000
 EAS            1.000         1.000
 HIS            1.000         1.000         1.000
 PGS            1.000         1.000         1.000         1.000
 SEX            1.000         1.000         1.000         1.000         1.000
 AGE_1          1.000         1.000         1.000         1.000         1.000
 PR_PAREN       0.884         0.884         0.884         0.884         0.884
 PR_CHILD       0.987         0.987         0.987         0.987         0.987
 DEL_PEER       0.997         0.997         0.997         0.997         0.997
 SCHO_CON       0.996         0.996         0.996         0.996         0.996
 ASB_1          0.999         0.999         0.999         0.999         0.999
 SUB_1          1.000         1.000         1.000         1.000         1.000
 ASB_3          0.999         0.999         0.999         0.999         0.999
 SUB_3          1.000         1.000         1.000         1.000         1.000


           Covariance Coverage
              AGE_1         PR_PAREN      PR_CHILD      DEL_PEER      SCHO_CON
              ________      ________      ________      ________      ________
 AGE_1          1.000
 PR_PAREN       0.884         0.884
 PR_CHILD       0.987         0.875         0.987
 DEL_PEER       0.997         0.881         0.986         0.997
 SCHO_CON       0.996         0.880         0.985         0.995         0.996
 ASB_1          0.999         0.883         0.986         0.997         0.995
 SUB_1          1.000         0.884         0.987         0.997         0.996
 ASB_3          0.999         0.883         0.986         0.997         0.995
 SUB_3          1.000         0.884         0.987         0.997         0.996


           Covariance Coverage
              ASB_1         SUB_1         ASB_3         SUB_3
              ________      ________      ________      ________
 ASB_1          0.999
 SUB_1          0.999         1.000
 ASB_3          0.999         0.999         0.999
 SUB_3          0.999         1.000         0.999         1.000



UNIVARIATE SAMPLE STATISTICS


     UNIVARIATE HIGHER-ORDER MOMENT DESCRIPTIVE STATISTICS

         Variable/         Mean/     Skewness/   Minimum/ % with                Percentiles
        Sample Size      Variance    Kurtosis    Maximum  Min/Max      20%/60%    40%/80%    Median

     PGS_M                -0.027      -0.022      -2.541    0.13%      -0.774     -0.230     -0.011
             777.000       0.767      -0.118       2.509    0.13%       0.167      0.710
     SEX_M                 1.513      -0.049       1.000   30.12%       1.000      1.500      1.500
             777.000       0.157      -1.419       2.000   32.56%       1.500      2.000
     AGE_1_M              16.104      -0.026      12.750    0.13%      14.917     15.708     16.125
             777.000       1.872      -0.468      20.042    0.13%      16.500     17.292
     INCOME_M              3.570      -0.666       0.000    0.63%       3.045      3.434      3.714
             638.000       0.656       2.395       6.908    0.16%       3.871      4.190
     PAR_ED_M              3.885      -0.139       0.500    0.13%       3.000      3.500      4.000
             770.000       1.481      -0.559       6.000    6.75%       4.000      5.000
     AFR                   0.175       1.710       0.000   82.50%       0.000      0.000      0.000
             777.000       0.144       0.925       1.000   17.50%       0.000      0.000
     EAS                   0.041       4.618       0.000   95.88%       0.000      0.000      0.000
             777.000       0.039      19.324       1.000    4.12%       0.000      0.000
     HIS                   0.104       2.590       0.000   89.58%       0.000      0.000      0.000
             777.000       0.093       4.709       1.000   10.42%       0.000      0.000
     PGS                   0.000      -0.009      -2.129    0.06%      -0.364     -0.047      0.000
            1589.000       0.216       1.139       2.129    0.06%       0.045      0.365
     SEX                   0.000      -0.018      -0.750    0.06%       0.000      0.000      0.000
            1589.000       0.094      -0.233       0.667    0.69%       0.000      0.000
     AGE_1                 0.000       0.041      -2.958    0.06%      -0.875      0.000      0.000
            1589.000       0.900       0.094       2.958    0.06%       0.000      0.861
     PR_PARENT            -0.020      -0.313      -3.543    0.07%      -0.785     -0.300      0.004
            1405.000       1.019      -0.149       1.820    4.70%       0.302      0.890
     PR_CHILD              0.042      -0.289      -3.724    0.06%      -0.764     -0.224     -0.030
            1568.000       0.936      -0.274       1.553   11.29%       0.323      1.016
     DEL_PEER             -0.038       0.472      -1.152   30.05%      -1.152     -0.398     -0.062
            1584.000       0.963      -0.708       2.545    0.44%       0.184      0.807
     SCHO_CON              0.039      -0.032      -3.392    0.06%      -0.771     -0.189      0.041
            1583.000       1.004      -0.090       2.252    2.08%       0.231      0.887
     ASB_1                -0.058       1.217      -0.823   42.66%      -0.823     -0.823     -0.629
            1587.000       0.938       0.896       4.652    0.06%       0.050      0.775
     SUB_1                -0.062       0.887      -1.074   13.72%      -0.907     -0.745     -0.432
            1589.000       0.978      -0.149       3.378    0.06%      -0.008      0.883
     ASB_3                -0.038       1.730      -0.770   42.66%      -0.770     -0.770     -0.470
            1587.000       1.025       2.790       4.668    0.06%      -0.252      0.726
     SUB_3                -0.029       0.346      -1.489   13.72%      -1.050     -0.342     -0.080
            1589.000       1.047      -0.516       3.104    0.06%       0.214      0.837


THE MODEL ESTIMATION TERMINATED NORMALLY

     USE THE FBITERATIONS OPTION TO INCREASE THE NUMBER OF ITERATIONS BY A FACTOR
     OF AT LEAST TWO TO CHECK CONVERGENCE AND THAT THE PSR VALUE DOES NOT INCREASE.



MODEL FIT INFORMATION

Number of Free Parameters                             220

Bayesian Posterior Predictive Checking using Chi-Square

          95% Confidence Interval for the Difference Between
          the Observed and the Replicated Chi-Square Values

                                -57.235            61.857

          Posterior Predictive P-Value              0.470

Information Criteria

          Deviance (DIC)                        45719.489
          Estimated Number of Parameters (pD)    2668.731



MODEL RESULTS

                                Posterior  One-Tailed         95% C.I.
                    Estimate       S.D.      P-Value   Lower 2.5%  Upper 2.5%  Significance

Within Level

 PR_PARENT  ON
    SEX                0.082       0.063      0.097      -0.042       0.204
    AGE_1             -0.030       0.020      0.067      -0.070       0.009
    PGS               -0.091       0.041      0.014      -0.172      -0.010      *

 PR_CHILD   ON
    SEX               -0.114       0.068      0.047      -0.247       0.019
    AGE_1             -0.079       0.022      0.000      -0.122      -0.036      *
    PGS               -0.096       0.045      0.017      -0.184      -0.008      *

 DEL_PEER   ON
    SEX               -0.124       0.062      0.023      -0.245      -0.003      *
    AGE_1              0.154       0.020      0.000       0.115       0.193      *
    PGS                0.008       0.041      0.425      -0.072       0.087

 SCHO_CON   ON
    SEX                0.026       0.070      0.356      -0.111       0.164
    AGE_1             -0.010       0.023      0.338      -0.054       0.035
    PGS                0.050       0.047      0.140      -0.041       0.142

 ASB_3      ON
    SEX               -0.402       0.071      0.000      -0.540      -0.262      *
    AGE_1             -0.067       0.023      0.002      -0.112      -0.022      *
    PGS                0.088       0.047      0.029      -0.003       0.180

 SUB_3      ON
    SEX               -0.424       0.068      0.000      -0.556      -0.291      *
    AGE_1             -0.012       0.022      0.289      -0.055       0.031
    PGS               -0.037       0.044      0.202      -0.124       0.050

 ASB_1      ON
    SEX               -0.424       0.067      0.000      -0.554      -0.293      *
    AGE_1             -0.034       0.021      0.057      -0.076       0.008
    PGS                0.089       0.044      0.021       0.003       0.174      *

 SUB_1      ON
    SEX               -0.205       0.062      0.000      -0.326      -0.083      *
    AGE_1              0.117       0.020      0.000       0.078       0.157      *
    PGS                0.074       0.041      0.034      -0.006       0.154

 PGS      WITH
    SEX                0.003       0.004      0.212      -0.004       0.010
    AGE_1              0.006       0.011      0.300      -0.016       0.028

 SEX      WITH
    AGE_1             -0.009       0.007      0.109      -0.024       0.005

 PR_CHILD WITH
    PR_PARENT          0.149       0.023      0.000       0.105       0.196      *

 DEL_PEER WITH
    PR_PARENT         -0.101       0.021      0.000      -0.144      -0.061      *
    PR_CHILD          -0.122       0.023      0.000      -0.167      -0.079      *

 SCHO_CON WITH
    PR_PARENT          0.071       0.023      0.001       0.026       0.117      *
    PR_CHILD           0.203       0.026      0.000       0.153       0.257      *
    DEL_PEER          -0.086       0.023      0.000      -0.132      -0.042      *

 ASB_1    WITH
    PR_PARENT         -0.120       0.023      0.000      -0.166      -0.077      *
    PR_CHILD          -0.152       0.025      0.000      -0.202      -0.105      *
    DEL_PEER           0.232       0.023      0.000       0.188       0.279      *
    SCHO_CON          -0.123       0.025      0.000      -0.173      -0.075      *

 SUB_1    WITH
    PR_PARENT         -0.121       0.021      0.000      -0.164      -0.080      *
    PR_CHILD          -0.126       0.023      0.000      -0.171      -0.082      *
    DEL_PEER           0.280       0.023      0.000       0.239       0.327      *
    SCHO_CON          -0.112       0.023      0.000      -0.159      -0.067      *
    ASB_1              0.256       0.024      0.000       0.211       0.304      *

 ASB_3    WITH
    PR_PARENT         -0.078       0.024      0.000      -0.125      -0.032      *
    PR_CHILD          -0.076       0.026      0.001      -0.128      -0.027      *
    DEL_PEER           0.098       0.023      0.000       0.053       0.144      *
    SCHO_CON          -0.070       0.026      0.003      -0.122      -0.019      *
    ASB_1              0.350       0.028      0.000       0.298       0.406      *
    SUB_1              0.117       0.024      0.000       0.071       0.163      *

 SUB_3    WITH
    PR_PARENT         -0.028       0.023      0.106      -0.073       0.016
    PR_CHILD          -0.057       0.024      0.009      -0.105      -0.010      *
    DEL_PEER           0.112       0.022      0.000       0.069       0.157      *
    SCHO_CON          -0.055       0.025      0.013      -0.105      -0.007      *
    ASB_1              0.090       0.024      0.000       0.043       0.137      *
    SUB_1              0.227       0.023      0.000       0.183       0.275      *
    ASB_3              0.125       0.025      0.000       0.077       0.176      *

 Means
    PGS                0.000       0.012      0.499      -0.023       0.023
    SEX                0.000       0.008      0.499      -0.015       0.015
    AGE_1              0.000       0.000      1.000       0.000       0.000

 Variances
    PGS                0.217       0.008      0.000       0.202       0.233      *
    SEX                0.094       0.003      0.000       0.088       0.101      *
    AGE_1              0.904       0.032      0.000       0.844       0.970      *

 Residual Variances
    PR_PARENT          0.518       0.028      0.000       0.467       0.578      *
    PR_CHILD           0.681       0.035      0.000       0.617       0.753      *
    DEL_PEER           0.566       0.029      0.000       0.514       0.626      *
    SCHO_CON           0.733       0.037      0.000       0.666       0.810      *
    ASB_1              0.660       0.033      0.000       0.599       0.728      *
    SUB_1              0.570       0.029      0.000       0.518       0.630      *
    ASB_3              0.752       0.037      0.000       0.684       0.829      *
    SUB_3              0.676       0.034      0.000       0.614       0.747      *

Between Level

 PR_PARENT  ON
    PGS_M             -0.096       0.038      0.007      -0.171      -0.020      *
    SEX_M             -0.086       0.085      0.158      -0.252       0.081
    AGE_1_M           -0.049       0.025      0.025      -0.099       0.000
    INCOME_M           0.092       0.053      0.040      -0.011       0.195
    PAR_ED_M           0.005       0.035      0.448      -0.064       0.072
    AFR                0.083       0.094      0.188      -0.102       0.268
    EAS               -0.114       0.189      0.273      -0.485       0.254
    HIS               -0.011       0.117      0.464      -0.240       0.218

 PR_CHILD   ON
    PGS_M             -0.044       0.032      0.085      -0.106       0.018
    SEX_M             -0.197       0.070      0.002      -0.335      -0.060      *
    AGE_1_M           -0.123       0.020      0.000      -0.162      -0.083      *
    INCOME_M           0.001       0.045      0.491      -0.086       0.089
    PAR_ED_M           0.017       0.029      0.274      -0.039       0.074
    AFR                0.094       0.078      0.113      -0.059       0.247
    EAS               -0.187       0.139      0.090      -0.459       0.085
    HIS                0.016       0.095      0.432      -0.170       0.202

 DEL_PEER   ON
    PGS_M              0.193       0.032      0.000       0.130       0.256      *
    SEX_M             -0.036       0.071      0.307      -0.175       0.103
    AGE_1_M            0.161       0.020      0.000       0.121       0.201      *
    INCOME_M           0.056       0.046      0.113      -0.034       0.147
    PAR_ED_M          -0.055       0.029      0.029      -0.112       0.002
    AFR               -0.137       0.079      0.043      -0.293       0.019
    EAS               -0.338       0.141      0.009      -0.614      -0.061      *
    HIS                0.006       0.096      0.474      -0.183       0.193

 SCHO_CON   ON
    PGS_M             -0.051       0.033      0.062      -0.117       0.014
    SEX_M             -0.021       0.074      0.388      -0.166       0.124
    AGE_1_M           -0.056       0.021      0.004      -0.098      -0.015      *
    INCOME_M          -0.023       0.048      0.322      -0.117       0.073
    PAR_ED_M           0.049       0.030      0.054      -0.011       0.109
    AFR               -0.252       0.082      0.001      -0.413      -0.092      *
    EAS                0.310       0.147      0.018       0.019       0.599      *
    HIS                0.146       0.100      0.072      -0.049       0.343

 ASB_1      ON
    PGS_M              0.151       0.031      0.000       0.090       0.213      *
    SEX_M             -0.472       0.069      0.000      -0.609      -0.337      *
    AGE_1_M           -0.029       0.020      0.074      -0.068       0.010
    INCOME_M          -0.055       0.046      0.113      -0.145       0.034
    PAR_ED_M           0.015       0.029      0.298      -0.041       0.071
    AFR               -0.022       0.077      0.388      -0.174       0.130
    EAS               -0.124       0.138      0.185      -0.395       0.148
    HIS                0.119       0.093      0.102      -0.066       0.301

 SUB_1      ON
    PGS_M              0.183       0.032      0.000       0.121       0.245      *
    SEX_M             -0.118       0.070      0.047      -0.255       0.019
    AGE_1_M            0.167       0.020      0.000       0.127       0.207      *
    INCOME_M           0.106       0.046      0.012       0.015       0.195      *
    PAR_ED_M          -0.037       0.029      0.104      -0.093       0.020
    AFR               -0.299       0.079      0.000      -0.452      -0.145      *
    EAS               -0.618       0.140      0.000      -0.893      -0.344      *
    HIS               -0.010       0.095      0.460      -0.195       0.175

 ASB_3      ON
    PGS_M              0.146       0.032      0.000       0.083       0.209      *
    SEX_M             -0.518       0.071      0.000      -0.658      -0.379      *
    AGE_1_M           -0.062       0.021      0.001      -0.102      -0.022      *
    INCOME_M          -0.002       0.048      0.480      -0.095       0.092
    PAR_ED_M           0.031       0.030      0.144      -0.027       0.089
    AFR                0.154       0.080      0.027      -0.003       0.311
    EAS               -0.037       0.142      0.395      -0.317       0.238
    HIS                0.104       0.096      0.138      -0.084       0.294

 SUB_3      ON
    PGS_M              0.061       0.032      0.031      -0.003       0.124
    SEX_M             -0.354       0.072      0.000      -0.495      -0.213      *
    AGE_1_M            0.012       0.021      0.288      -0.029       0.052
    INCOME_M           0.188       0.046      0.000       0.097       0.279      *
    PAR_ED_M           0.001       0.029      0.482      -0.056       0.059
    AFR               -0.545       0.080      0.000      -0.702      -0.388      *
    EAS               -0.510       0.144      0.000      -0.792      -0.229      *
    HIS               -0.131       0.096      0.088      -0.318       0.058

 PGS_M    WITH
    SEX_M              0.045       0.013      0.000       0.020       0.071      *
    AGE_1_M            0.020       0.045      0.326      -0.067       0.108
    INCOME_M          -0.051       0.029      0.036      -0.108       0.005
    PAR_ED_M          -0.132       0.040      0.001      -0.212      -0.054      *
    AFR               -0.011       0.012      0.186      -0.036       0.013
    EAS                0.014       0.007      0.017       0.001       0.027      *
    HIS                0.008       0.010      0.203      -0.011       0.028

 SEX_M    WITH
    AGE_1_M           -0.042       0.020      0.017      -0.083      -0.003      *
    INCOME_M          -0.012       0.013      0.176      -0.038       0.014
    PAR_ED_M          -0.038       0.018      0.017      -0.074      -0.003      *
    AFR                0.015       0.006      0.005       0.004       0.026      *
    EAS               -0.005       0.003      0.045      -0.011       0.001
    HIS               -0.008       0.005      0.038      -0.017       0.001

 AGE_1_M  WITH
    INCOME_M           0.074       0.046      0.052      -0.015       0.165
    PAR_ED_M          -0.057       0.062      0.180      -0.179       0.064
    AFR               -0.047       0.019      0.007      -0.086      -0.010      *
    EAS                0.019       0.010      0.027       0.000       0.040
    HIS                0.023       0.016      0.072      -0.008       0.053

 INCOME_M WITH
    PAR_ED_M           0.553       0.046      0.000       0.468       0.648      *
    AFR               -0.099       0.013      0.000      -0.125      -0.074      *
    EAS               -0.001       0.007      0.453      -0.015       0.013
    HIS               -0.017       0.010      0.051      -0.037       0.003

 PAR_ED_M WITH
    AFR               -0.052       0.017      0.001      -0.087      -0.018      *
    EAS                0.023       0.009      0.006       0.005       0.041      *
    HIS               -0.093       0.014      0.000      -0.122      -0.066      *

 AFR      WITH
    EAS               -0.007       0.003      0.004      -0.013      -0.002      *
    HIS               -0.019       0.004      0.000      -0.027      -0.010      *

 EAS      WITH
    HIS               -0.004       0.002      0.026      -0.009       0.000

 PR_CHILD WITH
    PR_PARENT          0.150       0.029      0.000       0.094       0.208      *

 DEL_PEER WITH
    PR_PARENT         -0.085       0.028      0.001      -0.141      -0.030      *
    PR_CHILD          -0.056       0.024      0.010      -0.104      -0.009      *

 SCHO_CON WITH
    PR_PARENT          0.104       0.030      0.000       0.046       0.163      *
    PR_CHILD           0.085       0.026      0.000       0.034       0.137      *
    DEL_PEER          -0.101       0.026      0.000      -0.152      -0.052      *

 ASB_1    WITH
    PR_PARENT         -0.078       0.028      0.002      -0.134      -0.024      *
    PR_CHILD          -0.072       0.025      0.002      -0.121      -0.024      *
    DEL_PEER           0.143       0.026      0.000       0.094       0.195      *
    SCHO_CON          -0.108       0.026      0.000      -0.160      -0.059      *

 SUB_1    WITH
    PR_PARENT         -0.081       0.028      0.002      -0.138      -0.027      *
    PR_CHILD          -0.061       0.024      0.005      -0.110      -0.015      *
    DEL_PEER           0.256       0.028      0.000       0.203       0.313      *
    SCHO_CON          -0.101       0.026      0.000      -0.152      -0.051      *
    ASB_1              0.143       0.026      0.000       0.094       0.195      *

 ASB_3    WITH
    PR_PARENT         -0.049       0.028      0.038      -0.106       0.005
    PR_CHILD          -0.070       0.025      0.002      -0.120      -0.021      *
    DEL_PEER           0.081       0.025      0.000       0.033       0.131      *
    SCHO_CON          -0.056       0.026      0.015      -0.108      -0.006      *
    ASB_1              0.187       0.028      0.000       0.135       0.244      *
    SUB_1              0.092       0.025      0.000       0.044       0.142      *

 SUB_3    WITH
    PR_PARENT         -0.044       0.028      0.057      -0.101       0.011
    PR_CHILD          -0.023       0.025      0.173      -0.072       0.025
    DEL_PEER           0.118       0.025      0.000       0.071       0.169      *
    SCHO_CON          -0.052       0.026      0.020      -0.104      -0.002      *
    ASB_1              0.091       0.025      0.000       0.043       0.141      *
    SUB_1              0.167       0.027      0.000       0.117       0.221      *
    ASB_3              0.133       0.026      0.000       0.083       0.186      *

 Means
    PGS_M             -0.027       0.032      0.196      -0.089       0.035
    SEX_M              1.513       0.014      0.000       1.485       1.541      *
    AGE_1_M           16.104       0.050      0.000      16.007      16.201      *
    INCOME_M           3.555       0.032      0.000       3.493       3.618      *
    PAR_ED_M           3.881       0.044      0.000       3.795       3.968      *
    AFR                0.175       0.014      0.000       0.148       0.202      *
    EAS                0.041       0.007      0.000       0.027       0.055      *
    HIS                0.104       0.011      0.000       0.083       0.126      *

 Intercepts
    PR_PARENT          0.541       0.462      0.120      -0.361       1.446
    PR_CHILD           2.227       0.375      0.000       1.486       2.961      *
    DEL_PEER          -2.522       0.379      0.000      -3.268      -1.777      *
    SCHO_CON           0.883       0.396      0.013       0.104       1.657      *
    ASB_1              1.259       0.371      0.000       0.531       1.988      *
    SUB_1             -2.721       0.377      0.000      -3.463      -1.984      *
    ASB_3              1.601       0.383      0.000       0.843       2.347      *
    SUB_3             -0.220       0.384      0.283      -0.973       0.531

 Variances
    PGS_M              0.784       0.040      0.000       0.710       0.869      *
    SEX_M              0.161       0.008      0.000       0.146       0.178      *
    AGE_1_M            1.915       0.099      0.000       1.734       2.122      *
    INCOME_M           0.696       0.040      0.000       0.623       0.781      *
    PAR_ED_M           1.518       0.078      0.000       1.374       1.681      *
    AFR                0.148       0.008      0.000       0.134       0.164      *
    EAS                0.040       0.002      0.000       0.037       0.045      *
    HIS                0.096       0.005      0.000       0.087       0.106      *

 Residual Variances
    PR_PARENT          0.511       0.045      0.000       0.428       0.603      *
    PR_CHILD           0.236       0.034      0.000       0.171       0.306      *
    DEL_PEER           0.309       0.033      0.000       0.246       0.377      *
    SCHO_CON           0.275       0.038      0.000       0.204       0.351      *
    ASB_1              0.238       0.033      0.000       0.175       0.305      *
    SUB_1              0.297       0.033      0.000       0.235       0.364      *
    ASB_3              0.224       0.035      0.000       0.158       0.296      *
    SUB_3              0.264       0.035      0.000       0.198       0.336      *

New/Additional Parameters
    D_PARENT          -0.005       0.057      0.465      -0.115       0.106
    D_CHILD            0.052       0.055      0.173      -0.056       0.160
    D_PEER             0.185       0.052      0.000       0.084       0.286      *
    D_SCHO            -0.101       0.057      0.038      -0.214       0.011


CREDIBILITY INTERVALS OF MODEL RESULTS

                  Lower .5%  Lower 2.5%    Lower 5%    Estimate    Upper 5%  Upper 2.5%   Upper .5%

Within Level

 PR_PAREN ON
    SEX             -0.080      -0.042      -0.021       0.082       0.185       0.204       0.244
    AGE_1           -0.082      -0.070      -0.063      -0.030       0.003       0.009       0.021
    PGS             -0.198      -0.172      -0.159      -0.091      -0.023      -0.010       0.016

 PR_CHILD ON
    SEX             -0.289      -0.247      -0.226      -0.114      -0.002       0.019       0.061
    AGE_1           -0.135      -0.122      -0.115      -0.079      -0.042      -0.036      -0.022
    PGS             -0.211      -0.184      -0.169      -0.096      -0.022      -0.008       0.020

 DEL_PEER ON
    SEX             -0.283      -0.245      -0.225      -0.124      -0.022      -0.003       0.034
    AGE_1            0.102       0.115       0.121       0.154       0.187       0.193       0.205
    PGS             -0.096      -0.072      -0.059       0.008       0.075       0.087       0.113

 SCHO_CON ON
    SEX             -0.155      -0.111      -0.089       0.026       0.141       0.164       0.206
    AGE_1           -0.068      -0.054      -0.047      -0.010       0.028       0.035       0.049
    PGS             -0.070      -0.041      -0.026       0.050       0.127       0.142       0.170

 ASB_3    ON
    SEX             -0.584      -0.540      -0.518      -0.402      -0.285      -0.262      -0.219
    AGE_1           -0.126      -0.112      -0.104      -0.067      -0.029      -0.022      -0.008
    PGS             -0.031      -0.003       0.011       0.088       0.165       0.180       0.209

 SUB_3    ON
    SEX             -0.599      -0.556      -0.535      -0.424      -0.313      -0.291      -0.249
    AGE_1           -0.068      -0.055      -0.048      -0.012       0.024       0.031       0.044
    PGS             -0.151      -0.124      -0.110      -0.037       0.036       0.050       0.077

 ASB_1    ON
    SEX             -0.595      -0.554      -0.533      -0.424      -0.314      -0.293      -0.251
    AGE_1           -0.089      -0.076      -0.069      -0.034       0.001       0.008       0.021
    PGS             -0.024       0.003       0.017       0.089       0.161       0.174       0.202

 SUB_1    ON
    SEX             -0.364      -0.326      -0.307      -0.205      -0.103      -0.083      -0.045
    AGE_1            0.066       0.078       0.084       0.117       0.150       0.157       0.169
    PGS             -0.031      -0.006       0.007       0.074       0.141       0.154       0.179

 PGS      WITH
    SEX             -0.006      -0.004      -0.003       0.003       0.009       0.010       0.012
    AGE_1           -0.023      -0.016      -0.012       0.006       0.024       0.028       0.035

 SEX      WITH
    AGE_1           -0.028      -0.024      -0.021      -0.009       0.003       0.005       0.010

 PR_CHILD WITH
    PR_PARENT        0.091       0.105       0.112       0.149       0.188       0.196       0.212

 DEL_PEER WITH
    PR_PARENT       -0.158      -0.144      -0.137      -0.101      -0.068      -0.061      -0.049
    PR_CHILD        -0.182      -0.167      -0.160      -0.122      -0.085      -0.079      -0.065

 SCHO_CON WITH
    PR_PARENT        0.011       0.026       0.033       0.071       0.110       0.117       0.132
    PR_CHILD         0.138       0.153       0.161       0.203       0.247       0.257       0.275
    DEL_PEER        -0.147      -0.132      -0.125      -0.086      -0.049      -0.042      -0.027

 ASB_1    WITH
    PR_PARENT       -0.180      -0.166      -0.158      -0.120      -0.084      -0.077      -0.063
    PR_CHILD        -0.218      -0.202      -0.193      -0.152      -0.112      -0.105      -0.091
    DEL_PEER         0.175       0.188       0.195       0.232       0.271       0.279       0.294
    SCHO_CON        -0.190      -0.173      -0.165      -0.123      -0.083      -0.075      -0.061

 SUB_1    WITH
    PR_PARENT       -0.178      -0.164      -0.156      -0.121      -0.087      -0.080      -0.068
    PR_CHILD        -0.187      -0.171      -0.164      -0.126      -0.089      -0.082      -0.068
    DEL_PEER         0.226       0.239       0.245       0.280       0.319       0.327       0.342
    SCHO_CON        -0.175      -0.159      -0.151      -0.112      -0.074      -0.067      -0.053
    ASB_1            0.198       0.211       0.218       0.256       0.296       0.304       0.320

 ASB_3    WITH
    PR_PARENT       -0.140      -0.125      -0.117      -0.078      -0.040      -0.032      -0.018
    PR_CHILD        -0.144      -0.128      -0.119      -0.076      -0.035      -0.027      -0.011
    DEL_PEER         0.039       0.053       0.060       0.098       0.137       0.144       0.160
    SCHO_CON        -0.139      -0.122      -0.113      -0.070      -0.027      -0.019      -0.003
    ASB_1            0.283       0.298       0.306       0.350       0.397       0.406       0.425
    SUB_1            0.057       0.071       0.079       0.117       0.156       0.163       0.179

 SUB_3    WITH
    PR_PARENT       -0.087      -0.073      -0.065      -0.028       0.009       0.016       0.030
    PR_CHILD        -0.121      -0.105      -0.097      -0.057      -0.017      -0.010       0.005
    DEL_PEER         0.056       0.069       0.076       0.112       0.150       0.157       0.172
    SCHO_CON        -0.121      -0.105      -0.097      -0.055      -0.014      -0.007       0.008
    ASB_1            0.028       0.043       0.051       0.090       0.129       0.137       0.152
    SUB_1            0.170       0.183       0.190       0.227       0.267       0.275       0.291
    ASB_3            0.062       0.077       0.084       0.125       0.168       0.176       0.193

 Means
    PGS             -0.030      -0.023      -0.019       0.000       0.019       0.023       0.030
    SEX             -0.020      -0.015      -0.013       0.000       0.013       0.015       0.020
    AGE_1            0.000       0.000       0.000       0.000       0.000       0.000       0.000

 Variances
    PGS              0.198       0.202       0.205       0.217       0.230       0.233       0.238
    SEX              0.086       0.088       0.089       0.094       0.100       0.101       0.104
    AGE_1            0.826       0.844       0.853       0.904       0.959       0.970       0.992

 Residual Variances
    PR_PARENT        0.451       0.467       0.475       0.518       0.568       0.578       0.599
    PR_CHILD         0.599       0.617       0.627       0.681       0.741       0.753       0.778
    DEL_PEER         0.499       0.514       0.522       0.566       0.616       0.626       0.646
    SCHO_CON         0.646       0.666       0.676       0.733       0.798       0.810       0.837
    ASB_1            0.582       0.599       0.609       0.660       0.716       0.728       0.750
    SUB_1            0.503       0.518       0.526       0.570       0.620       0.630       0.650
    ASB_3            0.663       0.684       0.694       0.752       0.816       0.829       0.854
    SUB_3            0.597       0.614       0.624       0.676       0.735       0.747       0.771

Between Level

 PR_PAREN ON
    PGS_M           -0.195      -0.171      -0.159      -0.096      -0.032      -0.020       0.004
    SEX_M           -0.306      -0.252      -0.226      -0.086       0.054       0.081       0.132
    AGE_1_M         -0.114      -0.099      -0.091      -0.049      -0.008       0.000       0.016
    INCOME_M        -0.044      -0.011       0.005       0.092       0.178       0.195       0.227
    PAR_ED_M        -0.085      -0.064      -0.053       0.005       0.061       0.072       0.094
    AFR             -0.162      -0.102      -0.072       0.083       0.238       0.268       0.327
    EAS             -0.603      -0.485      -0.426      -0.114       0.196       0.254       0.370
    HIS             -0.314      -0.240      -0.203      -0.011       0.181       0.218       0.292

 PR_CHILD ON
    PGS_M           -0.127      -0.106      -0.096      -0.044       0.008       0.018       0.038
    SEX_M           -0.377      -0.335      -0.313      -0.197      -0.081      -0.060      -0.017
    AGE_1_M         -0.175      -0.162      -0.156      -0.123      -0.089      -0.083      -0.071
    INCOME_M        -0.112      -0.086      -0.072       0.001       0.074       0.089       0.116
    PAR_ED_M        -0.057      -0.039      -0.030       0.017       0.064       0.074       0.091
    AFR             -0.107      -0.059      -0.034       0.094       0.223       0.247       0.295
    EAS             -0.545      -0.459      -0.416      -0.187       0.042       0.085       0.173
    HIS             -0.229      -0.170      -0.140       0.016       0.172       0.202       0.261

 DEL_PEER ON
    PGS_M            0.111       0.130       0.140       0.193       0.246       0.256       0.277
    SEX_M           -0.219      -0.175      -0.152      -0.036       0.081       0.103       0.146
    AGE_1_M          0.108       0.121       0.128       0.161       0.195       0.201       0.214
    INCOME_M        -0.063      -0.034      -0.020       0.056       0.132       0.147       0.175
    PAR_ED_M        -0.130      -0.112      -0.103      -0.055      -0.007       0.002       0.019
    AFR             -0.342      -0.293      -0.267      -0.137      -0.006       0.019       0.068
    EAS             -0.702      -0.614      -0.570      -0.338      -0.107      -0.061       0.028
    HIS             -0.242      -0.183      -0.152       0.006       0.163       0.193       0.253

 SCHO_CON ON
    PGS_M           -0.137      -0.117      -0.106      -0.051       0.004       0.014       0.035
    SEX_M           -0.212      -0.166      -0.143      -0.021       0.101       0.124       0.171
    AGE_1_M         -0.111      -0.098      -0.092      -0.056      -0.021      -0.015      -0.001
    INCOME_M        -0.145      -0.117      -0.102      -0.023       0.057       0.073       0.102
    PAR_ED_M        -0.029      -0.011      -0.001       0.049       0.099       0.109       0.127
    AFR             -0.464      -0.413      -0.388      -0.252      -0.117      -0.092      -0.039
    EAS             -0.070       0.019       0.068       0.310       0.551       0.599       0.692
    HIS             -0.111      -0.049      -0.018       0.146       0.311       0.343       0.404

 ASB_1    ON
    PGS_M            0.070       0.090       0.100       0.151       0.203       0.213       0.233
    SEX_M           -0.653      -0.609      -0.587      -0.472      -0.358      -0.337      -0.294
    AGE_1_M         -0.080      -0.068      -0.062      -0.029       0.004       0.010       0.023
    INCOME_M        -0.173      -0.145      -0.130      -0.055       0.020       0.034       0.063
    PAR_ED_M        -0.059      -0.041      -0.032       0.015       0.062       0.071       0.089
    AFR             -0.221      -0.174      -0.149      -0.022       0.105       0.130       0.178
    EAS             -0.480      -0.395      -0.352      -0.124       0.104       0.148       0.232
    HIS             -0.122      -0.066      -0.035       0.119       0.271       0.301       0.358

 SUB_1    ON
    PGS_M            0.101       0.121       0.131       0.183       0.235       0.245       0.265
    SEX_M           -0.299      -0.255      -0.234      -0.118      -0.003       0.019       0.063
    AGE_1_M          0.114       0.127       0.134       0.167       0.200       0.207       0.219
    INCOME_M        -0.014       0.015       0.030       0.106       0.181       0.195       0.224
    PAR_ED_M        -0.111      -0.093      -0.084      -0.037       0.011       0.020       0.038
    AFR             -0.503      -0.452      -0.428      -0.299      -0.170      -0.145      -0.096
    EAS             -0.981      -0.893      -0.850      -0.618      -0.387      -0.344      -0.256
    HIS             -0.253      -0.195      -0.165      -0.010       0.145       0.175       0.235

 ASB_3    ON
    PGS_M            0.063       0.083       0.093       0.146       0.199       0.209       0.229
    SEX_M           -0.702      -0.658      -0.636      -0.518      -0.402      -0.379      -0.335
    AGE_1_M         -0.115      -0.102      -0.096      -0.062      -0.028      -0.022      -0.009
    INCOME_M        -0.126      -0.095      -0.080      -0.002       0.077       0.092       0.120
    PAR_ED_M        -0.046      -0.027      -0.017       0.031       0.080       0.089       0.107
    AFR             -0.051      -0.003       0.022       0.154       0.285       0.311       0.359
    EAS             -0.404      -0.317      -0.271      -0.037       0.195       0.238       0.328
    HIS             -0.144      -0.084      -0.053       0.104       0.263       0.294       0.353

 SUB_3    ON
    PGS_M           -0.023      -0.003       0.007       0.061       0.114       0.124       0.145
    SEX_M           -0.539      -0.495      -0.472      -0.354      -0.236      -0.213      -0.169
    AGE_1_M         -0.042      -0.029      -0.022       0.012       0.046       0.052       0.065
    INCOME_M         0.068       0.097       0.111       0.188       0.264       0.279       0.308
    PAR_ED_M        -0.074      -0.056      -0.047       0.001       0.050       0.059       0.077
    AFR             -0.751      -0.702      -0.677      -0.545      -0.413      -0.388      -0.340
    EAS             -0.880      -0.792      -0.746      -0.510      -0.273      -0.229      -0.141
    HIS             -0.378      -0.318      -0.288      -0.131       0.028       0.058       0.120

 PGS_M    WITH
    SEX_M            0.012       0.020       0.024       0.045       0.067       0.071       0.079
    AGE_1_M         -0.094      -0.067      -0.053       0.020       0.093       0.108       0.136
    INCOME_M        -0.127      -0.108      -0.099      -0.051      -0.004       0.005       0.022
    PAR_ED_M        -0.238      -0.212      -0.199      -0.132      -0.067      -0.054      -0.031
    AFR             -0.043      -0.036      -0.032      -0.011       0.009       0.013       0.021
    EAS             -0.003       0.001       0.003       0.014       0.025       0.027       0.031
    HIS             -0.018      -0.011      -0.008       0.008       0.025       0.028       0.034

 SEX_M    WITH
    AGE_1_M         -0.096      -0.083      -0.076      -0.042      -0.009      -0.003       0.009
    INCOME_M        -0.046      -0.038      -0.034      -0.012       0.009       0.014       0.022
    PAR_ED_M        -0.086      -0.074      -0.068      -0.038      -0.008      -0.003       0.008
    AFR              0.000       0.004       0.005       0.015       0.024       0.026       0.029
    EAS             -0.013      -0.011      -0.010      -0.005       0.000       0.001       0.003
    HIS             -0.020      -0.017      -0.015      -0.008      -0.001       0.001       0.004

 AGE_1_M  WITH
    INCOME_M        -0.044      -0.015      -0.001       0.074       0.150       0.165       0.194
    PAR_ED_M        -0.219      -0.179      -0.160      -0.057       0.044       0.064       0.102
    AFR             -0.098      -0.086      -0.080      -0.047      -0.016      -0.010       0.002
    EAS             -0.007       0.000       0.003       0.019       0.036       0.040       0.046
    HIS             -0.017      -0.008      -0.003       0.023       0.048       0.053       0.063

 INCOME_M WITH
    PAR_ED_M         0.443       0.468       0.481       0.553       0.631       0.648       0.679
    AFR             -0.134      -0.125      -0.121      -0.099      -0.078      -0.074      -0.066
    EAS             -0.019      -0.015      -0.012      -0.001       0.011       0.013       0.017
    HIS             -0.043      -0.037      -0.033      -0.017       0.000       0.003       0.010

 PAR_ED_M WITH
    AFR             -0.098      -0.087      -0.081      -0.052      -0.024      -0.018      -0.008
    EAS             -0.001       0.005       0.008       0.023       0.038       0.041       0.047
    HIS             -0.132      -0.122      -0.117      -0.093      -0.070      -0.066      -0.057

 AFR      WITH
    EAS             -0.015      -0.013      -0.012      -0.007      -0.003      -0.002       0.000
    HIS             -0.030      -0.027      -0.026      -0.019      -0.012      -0.010      -0.008

 EAS      WITH
    HIS             -0.010      -0.009      -0.008      -0.004      -0.001       0.000       0.001

 PR_CHILD WITH
    PR_PARENT        0.077       0.094       0.103       0.150       0.199       0.208       0.228

 DEL_PEER WITH
    PR_PARENT       -0.160      -0.141      -0.132      -0.085      -0.039      -0.030      -0.013
    PR_CHILD        -0.120      -0.104      -0.096      -0.056      -0.016      -0.009       0.006

 SCHO_CON WITH
    PR_PARENT        0.029       0.046       0.056       0.104       0.153       0.163       0.183
    PR_CHILD         0.018       0.034       0.042       0.085       0.129       0.137       0.154
    DEL_PEER        -0.170      -0.152      -0.144      -0.101      -0.060      -0.052      -0.038

 ASB_1    WITH
    PR_PARENT       -0.153      -0.134      -0.125      -0.078      -0.032      -0.024      -0.007
    PR_CHILD        -0.137      -0.121      -0.113      -0.072      -0.032      -0.024      -0.009
    DEL_PEER         0.080       0.094       0.102       0.143       0.187       0.195       0.212
    SCHO_CON        -0.177      -0.160      -0.151      -0.108      -0.067      -0.059      -0.044

 SUB_1    WITH
    PR_PARENT       -0.157      -0.138      -0.129      -0.081      -0.035      -0.027      -0.010
    PR_CHILD        -0.127      -0.110      -0.103      -0.061      -0.022      -0.015       0.000
    DEL_PEER         0.187       0.203       0.211       0.256       0.303       0.313       0.332
    SCHO_CON        -0.168      -0.152      -0.144      -0.101      -0.059      -0.051      -0.036
    ASB_1            0.080       0.094       0.102       0.143       0.187       0.195       0.213

 ASB_3    WITH
    PR_PARENT       -0.124      -0.106      -0.096      -0.049      -0.003       0.005       0.023
    PR_CHILD        -0.136      -0.120      -0.112      -0.070      -0.029      -0.021      -0.006
    DEL_PEER         0.018       0.033       0.041       0.081       0.123       0.131       0.147
    SCHO_CON        -0.125      -0.108      -0.099      -0.056      -0.014      -0.006       0.010
    ASB_1            0.119       0.135       0.143       0.187       0.235       0.244       0.263
    SUB_1            0.030       0.044       0.052       0.092       0.134       0.142       0.159

 SUB_3    WITH
    PR_PARENT       -0.120      -0.101      -0.091      -0.044       0.002       0.011       0.029
    PR_CHILD        -0.087      -0.072      -0.064      -0.023       0.017       0.025       0.041
    DEL_PEER         0.056       0.071       0.078       0.118       0.160       0.169       0.185
    SCHO_CON        -0.121      -0.104      -0.095      -0.052      -0.010      -0.002       0.014
    ASB_1            0.028       0.043       0.051       0.091       0.133       0.141       0.158
    SUB_1            0.101       0.117       0.125       0.167       0.212       0.221       0.239
    ASB_3            0.068       0.083       0.091       0.133       0.177       0.186       0.203

 Means
    PGS_M           -0.109      -0.089      -0.079      -0.027       0.025       0.035       0.055
    SEX_M            1.476       1.485       1.489       1.513       1.537       1.541       1.550
    AGE_1_M         15.976      16.007      16.022      16.104      16.185      16.201      16.232
    INCOME_M         3.473       3.493       3.503       3.555       3.608       3.618       3.637
    PAR_ED_M         3.767       3.795       3.809       3.881       3.954       3.968       3.996
    AFR              0.140       0.148       0.152       0.175       0.198       0.202       0.210
    EAS              0.023       0.027       0.029       0.041       0.053       0.055       0.060
    HIS              0.076       0.083       0.086       0.104       0.122       0.126       0.133

 Intercepts
    PR_PARENT       -0.648      -0.361      -0.220       0.541       1.299       1.446       1.737
    PR_CHILD         1.258       1.486       1.608       2.227       2.843       2.961       3.190
    DEL_PEER        -3.504      -3.268      -3.148      -2.522      -1.898      -1.777      -1.546
    SCHO_CON        -0.144       0.104       0.232       0.883       1.533       1.657       1.901
    ASB_1            0.300       0.531       0.649       1.259       1.868       1.988       2.221
    SUB_1           -3.701      -3.463      -3.344      -2.721      -2.103      -1.984      -1.748
    ASB_3            0.604       0.843       0.966       1.601       2.228       2.347       2.580
    SUB_3           -1.206      -0.973      -0.853      -0.220       0.411       0.531       0.763

 Variances
    PGS_M            0.689       0.710       0.722       0.784       0.854       0.869       0.898
    SEX_M            0.141       0.146       0.148       0.161       0.176       0.178       0.185
    AGE_1_M          1.682       1.734       1.762       1.915       2.086       2.122       2.192
    INCOME_M         0.602       0.623       0.635       0.696       0.766       0.781       0.809
    PAR_ED_M         1.333       1.374       1.396       1.518       1.653       1.681       1.737
    AFR              0.130       0.134       0.136       0.148       0.161       0.164       0.169
    EAS              0.036       0.037       0.037       0.040       0.044       0.045       0.046
    HIS              0.084       0.087       0.088       0.096       0.104       0.106       0.109

 Residual Variances
    PR_PARENT        0.404       0.428       0.441       0.511       0.588       0.603       0.633
    PR_CHILD         0.152       0.171       0.181       0.236       0.294       0.306       0.329
    DEL_PEER         0.227       0.246       0.255       0.309       0.365       0.377       0.399
    SCHO_CON         0.183       0.204       0.215       0.275       0.339       0.351       0.377
    ASB_1            0.156       0.175       0.185       0.238       0.294       0.305       0.327
    SUB_1            0.218       0.235       0.245       0.297       0.353       0.364       0.387
    ASB_3            0.140       0.158       0.168       0.224       0.284       0.296       0.320
    SUB_3            0.180       0.198       0.208       0.264       0.324       0.336       0.360

New/Additional Parameters
    D_PARENT        -0.151      -0.115      -0.097      -0.005       0.088       0.106       0.141
    D_CHILD         -0.090      -0.056      -0.039       0.052       0.142       0.160       0.192
    D_PEER           0.051       0.084       0.100       0.185       0.270       0.286       0.318
    D_SCHO          -0.249      -0.214      -0.196      -0.101      -0.007       0.011       0.046


TECHNICAL 1 OUTPUT


     PARAMETER SPECIFICATION FOR WITHIN


           NU
              PGS           SEX           AGE_1         PR_PAREN      PR_CHILD
              ________      ________      ________      ________      ________
                    0             0             0             0             0


           NU
              DEL_PEER      SCHO_CON      ASB_1         SUB_1         ASB_3
              ________      ________      ________      ________      ________
                    0             0             0             0             0


           NU
              SUB_3
              ________
                    0


           LAMBDA
              PGS           SEX           AGE_1         PR_PAREN      PR_CHILD
              ________      ________      ________      ________      ________
 PGS                0             0             0             0             0
 SEX                0             0             0             0             0
 AGE_1              0             0             0             0             0
 PR_PAREN           0             0             0             0             0
 PR_CHILD           0             0             0             0             0
 DEL_PEER           0             0             0             0             0
 SCHO_CON           0             0             0             0             0
 ASB_1              0             0             0             0             0
 SUB_1              0             0             0             0             0
 ASB_3              0             0             0             0             0
 SUB_3              0             0             0             0             0


           LAMBDA
              DEL_PEER      SCHO_CON      ASB_1         SUB_1         ASB_3
              ________      ________      ________      ________      ________
 PGS                0             0             0             0             0
 SEX                0             0             0             0             0
 AGE_1              0             0             0             0             0
 PR_PAREN           0             0             0             0             0
 PR_CHILD           0             0             0             0             0
 DEL_PEER           0             0             0             0             0
 SCHO_CON           0             0             0             0             0
 ASB_1              0             0             0             0             0
 SUB_1              0             0             0             0             0
 ASB_3              0             0             0             0             0
 SUB_3              0             0             0             0             0


           LAMBDA
              SUB_3
              ________
 PGS                0
 SEX                0
 AGE_1              0
 PR_PAREN           0
 PR_CHILD           0
 DEL_PEER           0
 SCHO_CON           0
 ASB_1              0
 SUB_1              0
 ASB_3              0
 SUB_3              0


           THETA
              PGS           SEX           AGE_1         PR_PAREN      PR_CHILD
              ________      ________      ________      ________      ________
 PGS                0
 SEX                0             0
 AGE_1              0             0             0
 PR_PAREN           0             0             0             0
 PR_CHILD           0             0             0             0             0
 DEL_PEER           0             0             0             0             0
 SCHO_CON           0             0             0             0             0
 ASB_1              0             0             0             0             0
 SUB_1              0             0             0             0             0
 ASB_3              0             0             0             0             0
 SUB_3              0             0             0             0             0


           THETA
              DEL_PEER      SCHO_CON      ASB_1         SUB_1         ASB_3
              ________      ________      ________      ________      ________
 DEL_PEER           0
 SCHO_CON           0             0
 ASB_1              0             0             0
 SUB_1              0             0             0             0
 ASB_3              0             0             0             0             0
 SUB_3              0             0             0             0             0


           THETA
              SUB_3
              ________
 SUB_3              0


           ALPHA
              PGS           SEX           AGE_1         PR_PAREN      PR_CHILD
              ________      ________      ________      ________      ________
                    1             2             0             0             0


           ALPHA
              DEL_PEER      SCHO_CON      ASB_1         SUB_1         ASB_3
              ________      ________      ________      ________      ________
                    0             0             0             0             0


           ALPHA
              SUB_3
              ________
                    0


           BETA
              PGS           SEX           AGE_1         PR_PAREN      PR_CHILD
              ________      ________      ________      ________      ________
 PGS                0             0             0             0             0
 SEX                0             0             0             0             0
 AGE_1              0             0             0             0             0
 PR_PAREN           3             4             5             0             0
 PR_CHILD           6             7             8             0             0
 DEL_PEER           9            10            11             0             0
 SCHO_CON          12            13            14             0             0
 ASB_1             15            16            17             0             0
 SUB_1             18            19            20             0             0
 ASB_3             21            22            23             0             0
 SUB_3             24            25            26             0             0


           BETA
              DEL_PEER      SCHO_CON      ASB_1         SUB_1         ASB_3
              ________      ________      ________      ________      ________
 PGS                0             0             0             0             0
 SEX                0             0             0             0             0
 AGE_1              0             0             0             0             0
 PR_PAREN           0             0             0             0             0
 PR_CHILD           0             0             0             0             0
 DEL_PEER           0             0             0             0             0
 SCHO_CON           0             0             0             0             0
 ASB_1              0             0             0             0             0
 SUB_1              0             0             0             0             0
 ASB_3              0             0             0             0             0
 SUB_3              0             0             0             0             0


           BETA
              SUB_3
              ________
 PGS                0
 SEX                0
 AGE_1              0
 PR_PAREN           0
 PR_CHILD           0
 DEL_PEER           0
 SCHO_CON           0
 ASB_1              0
 SUB_1              0
 ASB_3              0
 SUB_3              0


           PSI
              PGS           SEX           AGE_1         PR_PAREN      PR_CHILD
              ________      ________      ________      ________      ________
 PGS               27
 SEX               28            29
 AGE_1             30            31            32
 PR_PAREN           0             0             0            33
 PR_CHILD           0             0             0            34            35
 DEL_PEER           0             0             0            36            37
 SCHO_CON           0             0             0            39            40
 ASB_1              0             0             0            43            44
 SUB_1              0             0             0            48            49
 ASB_3              0             0             0            54            55
 SUB_3              0             0             0            61            62


           PSI
              DEL_PEER      SCHO_CON      ASB_1         SUB_1         ASB_3
              ________      ________      ________      ________      ________
 DEL_PEER          38
 SCHO_CON          41            42
 ASB_1             45            46            47
 SUB_1             50            51            52            53
 ASB_3             56            57            58            59            60
 SUB_3             63            64            65            66            67


           PSI
              SUB_3
              ________
 SUB_3             68


     PARAMETER SPECIFICATION FOR BETWEEN


           NU
              PGS_M         SEX_M         AGE_1_M       INCOME_M      PAR_ED_M
              ________      ________      ________      ________      ________
                    0             0             0             0             0


           NU
              AFR           EAS           HIS           PR_PAREN      PR_CHILD
              ________      ________      ________      ________      ________
                    0             0             0             0             0


           NU
              DEL_PEER      SCHO_CON      ASB_1         SUB_1         ASB_3
              ________      ________      ________      ________      ________
                    0             0             0             0             0


           NU
              SUB_3
              ________
                    0


           LAMBDA
              PGS_M         SEX_M         AGE_1_M       INCOME_M      PAR_ED_M
              ________      ________      ________      ________      ________
 PGS_M              0             0             0             0             0
 SEX_M              0             0             0             0             0
 AGE_1_M            0             0             0             0             0
 INCOME_M           0             0             0             0             0
 PAR_ED_M           0             0             0             0             0
 AFR                0             0             0             0             0
 EAS                0             0             0             0             0
 HIS                0             0             0             0             0
 PR_PAREN           0             0             0             0             0
 PR_CHILD           0             0             0             0             0
 DEL_PEER           0             0             0             0             0
 SCHO_CON           0             0             0             0             0
 ASB_1              0             0             0             0             0
 SUB_1              0             0             0             0             0
 ASB_3              0             0             0             0             0
 SUB_3              0             0             0             0             0


           LAMBDA
              AFR           EAS           HIS           PR_PAREN      PR_CHILD
              ________      ________      ________      ________      ________
 PGS_M              0             0             0             0             0
 SEX_M              0             0             0             0             0
 AGE_1_M            0             0             0             0             0
 INCOME_M           0             0             0             0             0
 PAR_ED_M           0             0             0             0             0
 AFR                0             0             0             0             0
 EAS                0             0             0             0             0
 HIS                0             0             0             0             0
 PR_PAREN           0             0             0             0             0
 PR_CHILD           0             0             0             0             0
 DEL_PEER           0             0             0             0             0
 SCHO_CON           0             0             0             0             0
 ASB_1              0             0             0             0             0
 SUB_1              0             0             0             0             0
 ASB_3              0             0             0             0             0
 SUB_3              0             0             0             0             0


           LAMBDA
              DEL_PEER      SCHO_CON      ASB_1         SUB_1         ASB_3
              ________      ________      ________      ________      ________
 PGS_M              0             0             0             0             0
 SEX_M              0             0             0             0             0
 AGE_1_M            0             0             0             0             0
 INCOME_M           0             0             0             0             0
 PAR_ED_M           0             0             0             0             0
 AFR                0             0             0             0             0
 EAS                0             0             0             0             0
 HIS                0             0             0             0             0
 PR_PAREN           0             0             0             0             0
 PR_CHILD           0             0             0             0             0
 DEL_PEER           0             0             0             0             0
 SCHO_CON           0             0             0             0             0
 ASB_1              0             0             0             0             0
 SUB_1              0             0             0             0             0
 ASB_3              0             0             0             0             0
 SUB_3              0             0             0             0             0


           LAMBDA
              SUB_3
              ________
 PGS_M              0
 SEX_M              0
 AGE_1_M            0
 INCOME_M           0
 PAR_ED_M           0
 AFR                0
 EAS                0
 HIS                0
 PR_PAREN           0
 PR_CHILD           0
 DEL_PEER           0
 SCHO_CON           0
 ASB_1              0
 SUB_1              0
 ASB_3              0
 SUB_3              0


           THETA
              PGS_M         SEX_M         AGE_1_M       INCOME_M      PAR_ED_M
              ________      ________      ________      ________      ________
 PGS_M              0
 SEX_M              0             0
 AGE_1_M            0             0             0
 INCOME_M           0             0             0             0
 PAR_ED_M           0             0             0             0             0
 AFR                0             0             0             0             0
 EAS                0             0             0             0             0
 HIS                0             0             0             0             0
 PR_PAREN           0             0             0             0             0
 PR_CHILD           0             0             0             0             0
 DEL_PEER           0             0             0             0             0
 SCHO_CON           0             0             0             0             0
 ASB_1              0             0             0             0             0
 SUB_1              0             0             0             0             0
 ASB_3              0             0             0             0             0
 SUB_3              0             0             0             0             0


           THETA
              AFR           EAS           HIS           PR_PAREN      PR_CHILD
              ________      ________      ________      ________      ________
 AFR                0
 EAS                0             0
 HIS                0             0             0
 PR_PAREN           0             0             0             0
 PR_CHILD           0             0             0             0             0
 DEL_PEER           0             0             0             0             0
 SCHO_CON           0             0             0             0             0
 ASB_1              0             0             0             0             0
 SUB_1              0             0             0             0             0
 ASB_3              0             0             0             0             0
 SUB_3              0             0             0             0             0


           THETA
              DEL_PEER      SCHO_CON      ASB_1         SUB_1         ASB_3
              ________      ________      ________      ________      ________
 DEL_PEER           0
 SCHO_CON           0             0
 ASB_1              0             0             0
 SUB_1              0             0             0             0
 ASB_3              0             0             0             0             0
 SUB_3              0             0             0             0             0


           THETA
              SUB_3
              ________
 SUB_3              0


           ALPHA
              PGS_M         SEX_M         AGE_1_M       INCOME_M      PAR_ED_M
              ________      ________      ________      ________      ________
                   69            70            71            72            73


           ALPHA
              AFR           EAS           HIS           PR_PAREN      PR_CHILD
              ________      ________      ________      ________      ________
                   74            75            76            77            78


           ALPHA
              DEL_PEER      SCHO_CON      ASB_1         SUB_1         ASB_3
              ________      ________      ________      ________      ________
                   79            80            81            82            83


           ALPHA
              SUB_3
              ________
                   84


           BETA
              PGS_M         SEX_M         AGE_1_M       INCOME_M      PAR_ED_M
              ________      ________      ________      ________      ________
 PGS_M              0             0             0             0             0
 SEX_M              0             0             0             0             0
 AGE_1_M            0             0             0             0             0
 INCOME_M           0             0             0             0             0
 PAR_ED_M           0             0             0             0             0
 AFR                0             0             0             0             0
 EAS                0             0             0             0             0
 HIS                0             0             0             0             0
 PR_PAREN          85            86            87            88            89
 PR_CHILD          93            94            95            96            97
 DEL_PEER         101           102           103           104           105
 SCHO_CON         109           110           111           112           113
 ASB_1            117           118           119           120           121
 SUB_1            125           126           127           128           129
 ASB_3            133           134           135           136           137
 SUB_3            141           142           143           144           145


           BETA
              AFR           EAS           HIS           PR_PAREN      PR_CHILD
              ________      ________      ________      ________      ________
 PGS_M              0             0             0             0             0
 SEX_M              0             0             0             0             0
 AGE_1_M            0             0             0             0             0
 INCOME_M           0             0             0             0             0
 PAR_ED_M           0             0             0             0             0
 AFR                0             0             0             0             0
 EAS                0             0             0             0             0
 HIS                0             0             0             0             0
 PR_PAREN          90            91            92             0             0
 PR_CHILD          98            99           100             0             0
 DEL_PEER         106           107           108             0             0
 SCHO_CON         114           115           116             0             0
 ASB_1            122           123           124             0             0
 SUB_1            130           131           132             0             0
 ASB_3            138           139           140             0             0
 SUB_3            146           147           148             0             0


           BETA
              DEL_PEER      SCHO_CON      ASB_1         SUB_1         ASB_3
              ________      ________      ________      ________      ________
 PGS_M              0             0             0             0             0
 SEX_M              0             0             0             0             0
 AGE_1_M            0             0             0             0             0
 INCOME_M           0             0             0             0             0
 PAR_ED_M           0             0             0             0             0
 AFR                0             0             0             0             0
 EAS                0             0             0             0             0
 HIS                0             0             0             0             0
 PR_PAREN           0             0             0             0             0
 PR_CHILD           0             0             0             0             0
 DEL_PEER           0             0             0             0             0
 SCHO_CON           0             0             0             0             0
 ASB_1              0             0             0             0             0
 SUB_1              0             0             0             0             0
 ASB_3              0             0             0             0             0
 SUB_3              0             0             0             0             0


           BETA
              SUB_3
              ________
 PGS_M              0
 SEX_M              0
 AGE_1_M            0
 INCOME_M           0
 PAR_ED_M           0
 AFR                0
 EAS                0
 HIS                0
 PR_PAREN           0
 PR_CHILD           0
 DEL_PEER           0
 SCHO_CON           0
 ASB_1              0
 SUB_1              0
 ASB_3              0
 SUB_3              0


           PSI
              PGS_M         SEX_M         AGE_1_M       INCOME_M      PAR_ED_M
              ________      ________      ________      ________      ________
 PGS_M            149
 SEX_M            150           151
 AGE_1_M          152           153           154
 INCOME_M         155           156           157           158
 PAR_ED_M         159           160           161           162           163
 AFR              164           165           166           167           168
 EAS              170           171           172           173           174
 HIS              177           178           179           180           181
 PR_PAREN           0             0             0             0             0
 PR_CHILD           0             0             0             0             0
 DEL_PEER           0             0             0             0             0
 SCHO_CON           0             0             0             0             0
 ASB_1              0             0             0             0             0
 SUB_1              0             0             0             0             0
 ASB_3              0             0             0             0             0
 SUB_3              0             0             0             0             0


           PSI
              AFR           EAS           HIS           PR_PAREN      PR_CHILD
              ________      ________      ________      ________      ________
 AFR              169
 EAS              175           176
 HIS              182           183           184
 PR_PAREN           0             0             0           185
 PR_CHILD           0             0             0           186           187
 DEL_PEER           0             0             0           188           189
 SCHO_CON           0             0             0           191           192
 ASB_1              0             0             0           195           196
 SUB_1              0             0             0           200           201
 ASB_3              0             0             0           206           207
 SUB_3              0             0             0           213           214


           PSI
              DEL_PEER      SCHO_CON      ASB_1         SUB_1         ASB_3
              ________      ________      ________      ________      ________
 DEL_PEER         190
 SCHO_CON         193           194
 ASB_1            197           198           199
 SUB_1            202           203           204           205
 ASB_3            208           209           210           211           212
 SUB_3            215           216           217           218           219


           PSI
              SUB_3
              ________
 SUB_3            220


     PARAMETER SPECIFICATION FOR THE ADDITIONAL PARAMETERS


           NEW/ADDITIONAL PARAMETERS
              D_PARENT      D_CHILD       D_PEER        D_SCHO
              ________      ________      ________      ________
                  221           222           223           224


     STARTING VALUES FOR WITHIN


           NU
              PGS           SEX           AGE_1         PR_PAREN      PR_CHILD
              ________      ________      ________      ________      ________
                0.000         0.000         0.000         0.000         0.000


           NU
              DEL_PEER      SCHO_CON      ASB_1         SUB_1         ASB_3
              ________      ________      ________      ________      ________
                0.000         0.000         0.000         0.000         0.000


           NU
              SUB_3
              ________
                0.000


           LAMBDA
              PGS           SEX           AGE_1         PR_PAREN      PR_CHILD
              ________      ________      ________      ________      ________
 PGS            1.000         0.000         0.000         0.000         0.000
 SEX            0.000         1.000         0.000         0.000         0.000
 AGE_1          0.000         0.000         1.000         0.000         0.000
 PR_PAREN       0.000         0.000         0.000         1.000         0.000
 PR_CHILD       0.000         0.000         0.000         0.000         1.000
 DEL_PEER       0.000         0.000         0.000         0.000         0.000
 SCHO_CON       0.000         0.000         0.000         0.000         0.000
 ASB_1          0.000         0.000         0.000         0.000         0.000
 SUB_1          0.000         0.000         0.000         0.000         0.000
 ASB_3          0.000         0.000         0.000         0.000         0.000
 SUB_3          0.000         0.000         0.000         0.000         0.000


           LAMBDA
              DEL_PEER      SCHO_CON      ASB_1         SUB_1         ASB_3
              ________      ________      ________      ________      ________
 PGS            0.000         0.000         0.000         0.000         0.000
 SEX            0.000         0.000         0.000         0.000         0.000
 AGE_1          0.000         0.000         0.000         0.000         0.000
 PR_PAREN       0.000         0.000         0.000         0.000         0.000
 PR_CHILD       0.000         0.000         0.000         0.000         0.000
 DEL_PEER       1.000         0.000         0.000         0.000         0.000
 SCHO_CON       0.000         1.000         0.000         0.000         0.000
 ASB_1          0.000         0.000         1.000         0.000         0.000
 SUB_1          0.000         0.000         0.000         1.000         0.000
 ASB_3          0.000         0.000         0.000         0.000         1.000
 SUB_3          0.000         0.000         0.000         0.000         0.000


           LAMBDA
              SUB_3
              ________
 PGS            0.000
 SEX            0.000
 AGE_1          0.000
 PR_PAREN       0.000
 PR_CHILD       0.000
 DEL_PEER       0.000
 SCHO_CON       0.000
 ASB_1          0.000
 SUB_1          0.000
 ASB_3          0.000
 SUB_3          1.000


           THETA
              PGS           SEX           AGE_1         PR_PAREN      PR_CHILD
              ________      ________      ________      ________      ________
 PGS            0.000
 SEX            0.000         0.000
 AGE_1          0.000         0.000         0.000
 PR_PAREN       0.000         0.000         0.000         0.000
 PR_CHILD       0.000         0.000         0.000         0.000         0.000
 DEL_PEER       0.000         0.000         0.000         0.000         0.000
 SCHO_CON       0.000         0.000         0.000         0.000         0.000
 ASB_1          0.000         0.000         0.000         0.000         0.000
 SUB_1          0.000         0.000         0.000         0.000         0.000
 ASB_3          0.000         0.000         0.000         0.000         0.000
 SUB_3          0.000         0.000         0.000         0.000         0.000


           THETA
              DEL_PEER      SCHO_CON      ASB_1         SUB_1         ASB_3
              ________      ________      ________      ________      ________
 DEL_PEER       0.000
 SCHO_CON       0.000         0.000
 ASB_1          0.000         0.000         0.000
 SUB_1          0.000         0.000         0.000         0.000
 ASB_3          0.000         0.000         0.000         0.000         0.000
 SUB_3          0.000         0.000         0.000         0.000         0.000


           THETA
              SUB_3
              ________
 SUB_3          0.000


           ALPHA
              PGS           SEX           AGE_1         PR_PAREN      PR_CHILD
              ________      ________      ________      ________      ________
                0.000         0.000         0.000         0.000         0.000


           ALPHA
              DEL_PEER      SCHO_CON      ASB_1         SUB_1         ASB_3
              ________      ________      ________      ________      ________
                0.000         0.000         0.000         0.000         0.000


           ALPHA
              SUB_3
              ________
                0.000


           BETA
              PGS           SEX           AGE_1         PR_PAREN      PR_CHILD
              ________      ________      ________      ________      ________
 PGS            0.000         0.000         0.000         0.000         0.000
 SEX            0.000         0.000         0.000         0.000         0.000
 AGE_1          0.000         0.000         0.000         0.000         0.000
 PR_PAREN       0.000         0.000         0.000         0.000         0.000
 PR_CHILD       0.000         0.000         0.000         0.000         0.000
 DEL_PEER       0.000         0.000         0.000         0.000         0.000
 SCHO_CON       0.000         0.000         0.000         0.000         0.000
 ASB_1          0.000         0.000         0.000         0.000         0.000
 SUB_1          0.000         0.000         0.000         0.000         0.000
 ASB_3          0.000         0.000         0.000         0.000         0.000
 SUB_3          0.000         0.000         0.000         0.000         0.000


           BETA
              DEL_PEER      SCHO_CON      ASB_1         SUB_1         ASB_3
              ________      ________      ________      ________      ________
 PGS            0.000         0.000         0.000         0.000         0.000
 SEX            0.000         0.000         0.000         0.000         0.000
 AGE_1          0.000         0.000         0.000         0.000         0.000
 PR_PAREN       0.000         0.000         0.000         0.000         0.000
 PR_CHILD       0.000         0.000         0.000         0.000         0.000
 DEL_PEER       0.000         0.000         0.000         0.000         0.000
 SCHO_CON       0.000         0.000         0.000         0.000         0.000
 ASB_1          0.000         0.000         0.000         0.000         0.000
 SUB_1          0.000         0.000         0.000         0.000         0.000
 ASB_3          0.000         0.000         0.000         0.000         0.000
 SUB_3          0.000         0.000         0.000         0.000         0.000


           BETA
              SUB_3
              ________
 PGS            0.000
 SEX            0.000
 AGE_1          0.000
 PR_PAREN       0.000
 PR_CHILD       0.000
 DEL_PEER       0.000
 SCHO_CON       0.000
 ASB_1          0.000
 SUB_1          0.000
 ASB_3          0.000
 SUB_3          0.000


           PSI
              PGS           SEX           AGE_1         PR_PAREN      PR_CHILD
              ________      ________      ________      ________      ________
 PGS            0.108
 SEX            0.000         0.047
 AGE_1          0.000         0.000         0.450
 PR_PAREN       0.000         0.000         0.000         0.510
 PR_CHILD       0.000         0.000         0.000         0.000         0.468
 DEL_PEER       0.000         0.000         0.000         0.000         0.000
 SCHO_CON       0.000         0.000         0.000         0.000         0.000
 ASB_1          0.000         0.000         0.000         0.000         0.000
 SUB_1          0.000         0.000         0.000         0.000         0.000
 ASB_3          0.000         0.000         0.000         0.000         0.000
 SUB_3          0.000         0.000         0.000         0.000         0.000


           PSI
              DEL_PEER      SCHO_CON      ASB_1         SUB_1         ASB_3
              ________      ________      ________      ________      ________
 DEL_PEER       0.482
 SCHO_CON       0.000         0.502
 ASB_1          0.000         0.000         0.469
 SUB_1          0.000         0.000         0.000         0.489
 ASB_3          0.000         0.000         0.000         0.000         0.512
 SUB_3          0.000         0.000         0.000         0.000         0.000


           PSI
              SUB_3
              ________
 SUB_3          0.524


     STARTING VALUES FOR BETWEEN


           NU
              PGS_M         SEX_M         AGE_1_M       INCOME_M      PAR_ED_M
              ________      ________      ________      ________      ________
                0.000         0.000         0.000         0.000         0.000


           NU
              AFR           EAS           HIS           PR_PAREN      PR_CHILD
              ________      ________      ________      ________      ________
                0.000         0.000         0.000         0.000         0.000


           NU
              DEL_PEER      SCHO_CON      ASB_1         SUB_1         ASB_3
              ________      ________      ________      ________      ________
                0.000         0.000         0.000         0.000         0.000


           NU
              SUB_3
              ________
                0.000


           LAMBDA
              PGS_M         SEX_M         AGE_1_M       INCOME_M      PAR_ED_M
              ________      ________      ________      ________      ________
 PGS_M          1.000         0.000         0.000         0.000         0.000
 SEX_M          0.000         1.000         0.000         0.000         0.000
 AGE_1_M        0.000         0.000         1.000         0.000         0.000
 INCOME_M       0.000         0.000         0.000         1.000         0.000
 PAR_ED_M       0.000         0.000         0.000         0.000         1.000
 AFR            0.000         0.000         0.000         0.000         0.000
 EAS            0.000         0.000         0.000         0.000         0.000
 HIS            0.000         0.000         0.000         0.000         0.000
 PR_PAREN       0.000         0.000         0.000         0.000         0.000
 PR_CHILD       0.000         0.000         0.000         0.000         0.000
 DEL_PEER       0.000         0.000         0.000         0.000         0.000
 SCHO_CON       0.000         0.000         0.000         0.000         0.000
 ASB_1          0.000         0.000         0.000         0.000         0.000
 SUB_1          0.000         0.000         0.000         0.000         0.000
 ASB_3          0.000         0.000         0.000         0.000         0.000
 SUB_3          0.000         0.000         0.000         0.000         0.000


           LAMBDA
              AFR           EAS           HIS           PR_PAREN      PR_CHILD
              ________      ________      ________      ________      ________
 PGS_M          0.000         0.000         0.000         0.000         0.000
 SEX_M          0.000         0.000         0.000         0.000         0.000
 AGE_1_M        0.000         0.000         0.000         0.000         0.000
 INCOME_M       0.000         0.000         0.000         0.000         0.000
 PAR_ED_M       0.000         0.000         0.000         0.000         0.000
 AFR            1.000         0.000         0.000         0.000         0.000
 EAS            0.000         1.000         0.000         0.000         0.000
 HIS            0.000         0.000         1.000         0.000         0.000
 PR_PAREN       0.000         0.000         0.000         1.000         0.000
 PR_CHILD       0.000         0.000         0.000         0.000         1.000
 DEL_PEER       0.000         0.000         0.000         0.000         0.000
 SCHO_CON       0.000         0.000         0.000         0.000         0.000
 ASB_1          0.000         0.000         0.000         0.000         0.000
 SUB_1          0.000         0.000         0.000         0.000         0.000
 ASB_3          0.000         0.000         0.000         0.000         0.000
 SUB_3          0.000         0.000         0.000         0.000         0.000


           LAMBDA
              DEL_PEER      SCHO_CON      ASB_1         SUB_1         ASB_3
              ________      ________      ________      ________      ________
 PGS_M          0.000         0.000         0.000         0.000         0.000
 SEX_M          0.000         0.000         0.000         0.000         0.000
 AGE_1_M        0.000         0.000         0.000         0.000         0.000
 INCOME_M       0.000         0.000         0.000         0.000         0.000
 PAR_ED_M       0.000         0.000         0.000         0.000         0.000
 AFR            0.000         0.000         0.000         0.000         0.000
 EAS            0.000         0.000         0.000         0.000         0.000
 HIS            0.000         0.000         0.000         0.000         0.000
 PR_PAREN       0.000         0.000         0.000         0.000         0.000
 PR_CHILD       0.000         0.000         0.000         0.000         0.000
 DEL_PEER       1.000         0.000         0.000         0.000         0.000
 SCHO_CON       0.000         1.000         0.000         0.000         0.000
 ASB_1          0.000         0.000         1.000         0.000         0.000
 SUB_1          0.000         0.000         0.000         1.000         0.000
 ASB_3          0.000         0.000         0.000         0.000         1.000
 SUB_3          0.000         0.000         0.000         0.000         0.000


           LAMBDA
              SUB_3
              ________
 PGS_M          0.000
 SEX_M          0.000
 AGE_1_M        0.000
 INCOME_M       0.000
 PAR_ED_M       0.000
 AFR            0.000
 EAS            0.000
 HIS            0.000
 PR_PAREN       0.000
 PR_CHILD       0.000
 DEL_PEER       0.000
 SCHO_CON       0.000
 ASB_1          0.000
 SUB_1          0.000
 ASB_3          0.000
 SUB_3          1.000


           THETA
              PGS_M         SEX_M         AGE_1_M       INCOME_M      PAR_ED_M
              ________      ________      ________      ________      ________
 PGS_M          0.000
 SEX_M          0.000         0.000
 AGE_1_M        0.000         0.000         0.000
 INCOME_M       0.000         0.000         0.000         0.000
 PAR_ED_M       0.000         0.000         0.000         0.000         0.000
 AFR            0.000         0.000         0.000         0.000         0.000
 EAS            0.000         0.000         0.000         0.000         0.000
 HIS            0.000         0.000         0.000         0.000         0.000
 PR_PAREN       0.000         0.000         0.000         0.000         0.000
 PR_CHILD       0.000         0.000         0.000         0.000         0.000
 DEL_PEER       0.000         0.000         0.000         0.000         0.000
 SCHO_CON       0.000         0.000         0.000         0.000         0.000
 ASB_1          0.000         0.000         0.000         0.000         0.000
 SUB_1          0.000         0.000         0.000         0.000         0.000
 ASB_3          0.000         0.000         0.000         0.000         0.000
 SUB_3          0.000         0.000         0.000         0.000         0.000


           THETA
              AFR           EAS           HIS           PR_PAREN      PR_CHILD
              ________      ________      ________      ________      ________
 AFR            0.000
 EAS            0.000         0.000
 HIS            0.000         0.000         0.000
 PR_PAREN       0.000         0.000         0.000         0.000
 PR_CHILD       0.000         0.000         0.000         0.000         0.000
 DEL_PEER       0.000         0.000         0.000         0.000         0.000
 SCHO_CON       0.000         0.000         0.000         0.000         0.000
 ASB_1          0.000         0.000         0.000         0.000         0.000
 SUB_1          0.000         0.000         0.000         0.000         0.000
 ASB_3          0.000         0.000         0.000         0.000         0.000
 SUB_3          0.000         0.000         0.000         0.000         0.000


           THETA
              DEL_PEER      SCHO_CON      ASB_1         SUB_1         ASB_3
              ________      ________      ________      ________      ________
 DEL_PEER       0.000
 SCHO_CON       0.000         0.000
 ASB_1          0.000         0.000         0.000
 SUB_1          0.000         0.000         0.000         0.000
 ASB_3          0.000         0.000         0.000         0.000         0.000
 SUB_3          0.000         0.000         0.000         0.000         0.000


           THETA
              SUB_3
              ________
 SUB_3          0.000


           ALPHA
              PGS_M         SEX_M         AGE_1_M       INCOME_M      PAR_ED_M
              ________      ________      ________      ________      ________
               -0.029         1.513        16.105         3.569         3.889


           ALPHA
              AFR           EAS           HIS           PR_PAREN      PR_CHILD
              ________      ________      ________      ________      ________
                0.177         0.042         0.103        -0.020         0.042


           ALPHA
              DEL_PEER      SCHO_CON      ASB_1         SUB_1         ASB_3
              ________      ________      ________      ________      ________
               -0.038         0.039        -0.058        -0.062        -0.038


           ALPHA
              SUB_3
              ________
               -0.029


           BETA
              PGS_M         SEX_M         AGE_1_M       INCOME_M      PAR_ED_M
              ________      ________      ________      ________      ________
 PGS_M          0.000         0.000         0.000         0.000         0.000
 SEX_M          0.000         0.000         0.000         0.000         0.000
 AGE_1_M        0.000         0.000         0.000         0.000         0.000
 INCOME_M       0.000         0.000         0.000         0.000         0.000
 PAR_ED_M       0.000         0.000         0.000         0.000         0.000
 AFR            0.000         0.000         0.000         0.000         0.000
 EAS            0.000         0.000         0.000         0.000         0.000
 HIS            0.000         0.000         0.000         0.000         0.000
 PR_PAREN       0.000         0.000         0.000         0.000         0.000
 PR_CHILD       0.000         0.000         0.000         0.000         0.000
 DEL_PEER       0.000         0.000         0.000         0.000         0.000
 SCHO_CON       0.000         0.000         0.000         0.000         0.000
 ASB_1          0.000         0.000         0.000         0.000         0.000
 SUB_1          0.000         0.000         0.000         0.000         0.000
 ASB_3          0.000         0.000         0.000         0.000         0.000
 SUB_3          0.000         0.000         0.000         0.000         0.000


           BETA
              AFR           EAS           HIS           PR_PAREN      PR_CHILD
              ________      ________      ________      ________      ________
 PGS_M          0.000         0.000         0.000         0.000         0.000
 SEX_M          0.000         0.000         0.000         0.000         0.000
 AGE_1_M        0.000         0.000         0.000         0.000         0.000
 INCOME_M       0.000         0.000         0.000         0.000         0.000
 PAR_ED_M       0.000         0.000         0.000         0.000         0.000
 AFR            0.000         0.000         0.000         0.000         0.000
 EAS            0.000         0.000         0.000         0.000         0.000
 HIS            0.000         0.000         0.000         0.000         0.000
 PR_PAREN       0.000         0.000         0.000         0.000         0.000
 PR_CHILD       0.000         0.000         0.000         0.000         0.000
 DEL_PEER       0.000         0.000         0.000         0.000         0.000
 SCHO_CON       0.000         0.000         0.000         0.000         0.000
 ASB_1          0.000         0.000         0.000         0.000         0.000
 SUB_1          0.000         0.000         0.000         0.000         0.000
 ASB_3          0.000         0.000         0.000         0.000         0.000
 SUB_3          0.000         0.000         0.000         0.000         0.000


           BETA
              DEL_PEER      SCHO_CON      ASB_1         SUB_1         ASB_3
              ________      ________      ________      ________      ________
 PGS_M          0.000         0.000         0.000         0.000         0.000
 SEX_M          0.000         0.000         0.000         0.000         0.000
 AGE_1_M        0.000         0.000         0.000         0.000         0.000
 INCOME_M       0.000         0.000         0.000         0.000         0.000
 PAR_ED_M       0.000         0.000         0.000         0.000         0.000
 AFR            0.000         0.000         0.000         0.000         0.000
 EAS            0.000         0.000         0.000         0.000         0.000
 HIS            0.000         0.000         0.000         0.000         0.000
 PR_PAREN       0.000         0.000         0.000         0.000         0.000
 PR_CHILD       0.000         0.000         0.000         0.000         0.000
 DEL_PEER       0.000         0.000         0.000         0.000         0.000
 SCHO_CON       0.000         0.000         0.000         0.000         0.000
 ASB_1          0.000         0.000         0.000         0.000         0.000
 SUB_1          0.000         0.000         0.000         0.000         0.000
 ASB_3          0.000         0.000         0.000         0.000         0.000
 SUB_3          0.000         0.000         0.000         0.000         0.000


           BETA
              SUB_3
              ________
 PGS_M          0.000
 SEX_M          0.000
 AGE_1_M        0.000
 INCOME_M       0.000
 PAR_ED_M       0.000
 AFR            0.000
 EAS            0.000
 HIS            0.000
 PR_PAREN       0.000
 PR_CHILD       0.000
 DEL_PEER       0.000
 SCHO_CON       0.000
 ASB_1          0.000
 SUB_1          0.000
 ASB_3          0.000
 SUB_3          0.000


           PSI
              PGS_M         SEX_M         AGE_1_M       INCOME_M      PAR_ED_M
              ________      ________      ________      ________      ________
 PGS_M          0.382
 SEX_M          0.000         0.078
 AGE_1_M        0.000         0.000         0.931
 INCOME_M       0.000         0.000         0.000         0.335
 PAR_ED_M       0.000         0.000         0.000         0.000         0.739
 AFR            0.000         0.000         0.000         0.000         0.000
 EAS            0.000         0.000         0.000         0.000         0.000
 HIS            0.000         0.000         0.000         0.000         0.000
 PR_PAREN       0.000         0.000         0.000         0.000         0.000
 PR_CHILD       0.000         0.000         0.000         0.000         0.000
 DEL_PEER       0.000         0.000         0.000         0.000         0.000
 SCHO_CON       0.000         0.000         0.000         0.000         0.000
 ASB_1          0.000         0.000         0.000         0.000         0.000
 SUB_1          0.000         0.000         0.000         0.000         0.000
 ASB_3          0.000         0.000         0.000         0.000         0.000
 SUB_3          0.000         0.000         0.000         0.000         0.000


           PSI
              AFR           EAS           HIS           PR_PAREN      PR_CHILD
              ________      ________      ________      ________      ________
 AFR            0.073
 EAS            0.000         0.020
 HIS            0.000         0.000         0.046
 PR_PAREN       0.000         0.000         0.000         0.510
 PR_CHILD       0.000         0.000         0.000         0.000         0.468
 DEL_PEER       0.000         0.000         0.000         0.000         0.000
 SCHO_CON       0.000         0.000         0.000         0.000         0.000
 ASB_1          0.000         0.000         0.000         0.000         0.000
 SUB_1          0.000         0.000         0.000         0.000         0.000
 ASB_3          0.000         0.000         0.000         0.000         0.000
 SUB_3          0.000         0.000         0.000         0.000         0.000


           PSI
              DEL_PEER      SCHO_CON      ASB_1         SUB_1         ASB_3
              ________      ________      ________      ________      ________
 DEL_PEER       0.482
 SCHO_CON       0.000         0.502
 ASB_1          0.000         0.000         0.469
 SUB_1          0.000         0.000         0.000         0.489
 ASB_3          0.000         0.000         0.000         0.000         0.512
 SUB_3          0.000         0.000         0.000         0.000         0.000


           PSI
              SUB_3
              ________
 SUB_3          0.524


     STARTING VALUES FOR THE ADDITIONAL PARAMETERS


           NEW/ADDITIONAL PARAMETERS
              D_PARENT      D_CHILD       D_PEER        D_SCHO
              ________      ________      ________      ________
                0.500         0.500         0.500         0.500



     PRIORS FOR ALL PARAMETERS            PRIOR MEAN      PRIOR VARIANCE     PRIOR STD. DEV.

     Parameter 1~N(0.000,infinity)           0.0000            infinity            infinity
     Parameter 2~N(0.000,infinity)           0.0000            infinity            infinity
     Parameter 3~N(0.000,infinity)           0.0000            infinity            infinity
     Parameter 4~N(0.000,infinity)           0.0000            infinity            infinity
     Parameter 5~N(0.000,infinity)           0.0000            infinity            infinity
     Parameter 6~N(0.000,infinity)           0.0000            infinity            infinity
     Parameter 7~N(0.000,infinity)           0.0000            infinity            infinity
     Parameter 8~N(0.000,infinity)           0.0000            infinity            infinity
     Parameter 9~N(0.000,infinity)           0.0000            infinity            infinity
     Parameter 10~N(0.000,infinity)          0.0000            infinity            infinity
     Parameter 11~N(0.000,infinity)          0.0000            infinity            infinity
     Parameter 12~N(0.000,infinity)          0.0000            infinity            infinity
     Parameter 13~N(0.000,infinity)          0.0000            infinity            infinity
     Parameter 14~N(0.000,infinity)          0.0000            infinity            infinity
     Parameter 15~N(0.000,infinity)          0.0000            infinity            infinity
     Parameter 16~N(0.000,infinity)          0.0000            infinity            infinity
     Parameter 17~N(0.000,infinity)          0.0000            infinity            infinity
     Parameter 18~N(0.000,infinity)          0.0000            infinity            infinity
     Parameter 19~N(0.000,infinity)          0.0000            infinity            infinity
     Parameter 20~N(0.000,infinity)          0.0000            infinity            infinity
     Parameter 21~N(0.000,infinity)          0.0000            infinity            infinity
     Parameter 22~N(0.000,infinity)          0.0000            infinity            infinity
     Parameter 23~N(0.000,infinity)          0.0000            infinity            infinity
     Parameter 24~N(0.000,infinity)          0.0000            infinity            infinity
     Parameter 25~N(0.000,infinity)          0.0000            infinity            infinity
     Parameter 26~N(0.000,infinity)          0.0000            infinity            infinity
     Parameter 27~IW(0.000,-4)             infinity            infinity            infinity
     Parameter 28~IW(0.000,-4)             infinity            infinity            infinity
     Parameter 29~IW(0.000,-4)             infinity            infinity            infinity
     Parameter 30~IW(0.000,-4)             infinity            infinity            infinity
     Parameter 31~IW(0.000,-4)             infinity            infinity            infinity
     Parameter 32~IW(0.000,-4)             infinity            infinity            infinity
     Parameter 33~IW(0.000,-9)             infinity            infinity            infinity
     Parameter 34~IW(0.000,-9)             infinity            infinity            infinity
     Parameter 35~IW(0.000,-9)             infinity            infinity            infinity
     Parameter 36~IW(0.000,-9)             infinity            infinity            infinity
     Parameter 37~IW(0.000,-9)             infinity            infinity            infinity
     Parameter 38~IW(0.000,-9)             infinity            infinity            infinity
     Parameter 39~IW(0.000,-9)             infinity            infinity            infinity
     Parameter 40~IW(0.000,-9)             infinity            infinity            infinity
     Parameter 41~IW(0.000,-9)             infinity            infinity            infinity
     Parameter 42~IW(0.000,-9)             infinity            infinity            infinity
     Parameter 43~IW(0.000,-9)             infinity            infinity            infinity
     Parameter 44~IW(0.000,-9)             infinity            infinity            infinity
     Parameter 45~IW(0.000,-9)             infinity            infinity            infinity
     Parameter 46~IW(0.000,-9)             infinity            infinity            infinity
     Parameter 47~IW(0.000,-9)             infinity            infinity            infinity
     Parameter 48~IW(0.000,-9)             infinity            infinity            infinity
     Parameter 49~IW(0.000,-9)             infinity            infinity            infinity
     Parameter 50~IW(0.000,-9)             infinity            infinity            infinity
     Parameter 51~IW(0.000,-9)             infinity            infinity            infinity
     Parameter 52~IW(0.000,-9)             infinity            infinity            infinity
     Parameter 53~IW(0.000,-9)             infinity            infinity            infinity
     Parameter 54~IW(0.000,-9)             infinity            infinity            infinity
     Parameter 55~IW(0.000,-9)             infinity            infinity            infinity
     Parameter 56~IW(0.000,-9)             infinity            infinity            infinity
     Parameter 57~IW(0.000,-9)             infinity            infinity            infinity
     Parameter 58~IW(0.000,-9)             infinity            infinity            infinity
     Parameter 59~IW(0.000,-9)             infinity            infinity            infinity
     Parameter 60~IW(0.000,-9)             infinity            infinity            infinity
     Parameter 61~IW(0.000,-9)             infinity            infinity            infinity
     Parameter 62~IW(0.000,-9)             infinity            infinity            infinity
     Parameter 63~IW(0.000,-9)             infinity            infinity            infinity
     Parameter 64~IW(0.000,-9)             infinity            infinity            infinity
     Parameter 65~IW(0.000,-9)             infinity            infinity            infinity
     Parameter 66~IW(0.000,-9)             infinity            infinity            infinity
     Parameter 67~IW(0.000,-9)             infinity            infinity            infinity
     Parameter 68~IW(0.000,-9)             infinity            infinity            infinity
     Parameter 69~N(0.000,infinity)          0.0000            infinity            infinity
     Parameter 70~N(0.000,infinity)          0.0000            infinity            infinity
     Parameter 71~N(0.000,infinity)          0.0000            infinity            infinity
     Parameter 72~N(0.000,infinity)          0.0000            infinity            infinity
     Parameter 73~N(0.000,infinity)          0.0000            infinity            infinity
     Parameter 74~N(0.000,infinity)          0.0000            infinity            infinity
     Parameter 75~N(0.000,infinity)          0.0000            infinity            infinity
     Parameter 76~N(0.000,infinity)          0.0000            infinity            infinity
     Parameter 77~N(0.000,infinity)          0.0000            infinity            infinity
     Parameter 78~N(0.000,infinity)          0.0000            infinity            infinity
     Parameter 79~N(0.000,infinity)          0.0000            infinity            infinity
     Parameter 80~N(0.000,infinity)          0.0000            infinity            infinity
     Parameter 81~N(0.000,infinity)          0.0000            infinity            infinity
     Parameter 82~N(0.000,infinity)          0.0000            infinity            infinity
     Parameter 83~N(0.000,infinity)          0.0000            infinity            infinity
     Parameter 84~N(0.000,infinity)          0.0000            infinity            infinity
     Parameter 85~N(0.000,infinity)          0.0000            infinity            infinity
     Parameter 86~N(0.000,infinity)          0.0000            infinity            infinity
     Parameter 87~N(0.000,infinity)          0.0000            infinity            infinity
     Parameter 88~N(0.000,infinity)          0.0000            infinity            infinity
     Parameter 89~N(0.000,infinity)          0.0000            infinity            infinity
     Parameter 90~N(0.000,infinity)          0.0000            infinity            infinity
     Parameter 91~N(0.000,infinity)          0.0000            infinity            infinity
     Parameter 92~N(0.000,infinity)          0.0000            infinity            infinity
     Parameter 93~N(0.000,infinity)          0.0000            infinity            infinity
     Parameter 94~N(0.000,infinity)          0.0000            infinity            infinity
     Parameter 95~N(0.000,infinity)          0.0000            infinity            infinity
     Parameter 96~N(0.000,infinity)          0.0000            infinity            infinity
     Parameter 97~N(0.000,infinity)          0.0000            infinity            infinity
     Parameter 98~N(0.000,infinity)          0.0000            infinity            infinity
     Parameter 99~N(0.000,infinity)          0.0000            infinity            infinity
     Parameter 100~N(0.000,infinity)         0.0000            infinity            infinity
     Parameter 101~N(0.000,infinity)         0.0000            infinity            infinity
     Parameter 102~N(0.000,infinity)         0.0000            infinity            infinity
     Parameter 103~N(0.000,infinity)         0.0000            infinity            infinity
     Parameter 104~N(0.000,infinity)         0.0000            infinity            infinity
     Parameter 105~N(0.000,infinity)         0.0000            infinity            infinity
     Parameter 106~N(0.000,infinity)         0.0000            infinity            infinity
     Parameter 107~N(0.000,infinity)         0.0000            infinity            infinity
     Parameter 108~N(0.000,infinity)         0.0000            infinity            infinity
     Parameter 109~N(0.000,infinity)         0.0000            infinity            infinity
     Parameter 110~N(0.000,infinity)         0.0000            infinity            infinity
     Parameter 111~N(0.000,infinity)         0.0000            infinity            infinity
     Parameter 112~N(0.000,infinity)         0.0000            infinity            infinity
     Parameter 113~N(0.000,infinity)         0.0000            infinity            infinity
     Parameter 114~N(0.000,infinity)         0.0000            infinity            infinity
     Parameter 115~N(0.000,infinity)         0.0000            infinity            infinity
     Parameter 116~N(0.000,infinity)         0.0000            infinity            infinity
     Parameter 117~N(0.000,infinity)         0.0000            infinity            infinity
     Parameter 118~N(0.000,infinity)         0.0000            infinity            infinity
     Parameter 119~N(0.000,infinity)         0.0000            infinity            infinity
     Parameter 120~N(0.000,infinity)         0.0000            infinity            infinity
     Parameter 121~N(0.000,infinity)         0.0000            infinity            infinity
     Parameter 122~N(0.000,infinity)         0.0000            infinity            infinity
     Parameter 123~N(0.000,infinity)         0.0000            infinity            infinity
     Parameter 124~N(0.000,infinity)         0.0000            infinity            infinity
     Parameter 125~N(0.000,infinity)         0.0000            infinity            infinity
     Parameter 126~N(0.000,infinity)         0.0000            infinity            infinity
     Parameter 127~N(0.000,infinity)         0.0000            infinity            infinity
     Parameter 128~N(0.000,infinity)         0.0000            infinity            infinity
     Parameter 129~N(0.000,infinity)         0.0000            infinity            infinity
     Parameter 130~N(0.000,infinity)         0.0000            infinity            infinity
     Parameter 131~N(0.000,infinity)         0.0000            infinity            infinity
     Parameter 132~N(0.000,infinity)         0.0000            infinity            infinity
     Parameter 133~N(0.000,infinity)         0.0000            infinity            infinity
     Parameter 134~N(0.000,infinity)         0.0000            infinity            infinity
     Parameter 135~N(0.000,infinity)         0.0000            infinity            infinity
     Parameter 136~N(0.000,infinity)         0.0000            infinity            infinity
     Parameter 137~N(0.000,infinity)         0.0000            infinity            infinity
     Parameter 138~N(0.000,infinity)         0.0000            infinity            infinity
     Parameter 139~N(0.000,infinity)         0.0000            infinity            infinity
     Parameter 140~N(0.000,infinity)         0.0000            infinity            infinity
     Parameter 141~N(0.000,infinity)         0.0000            infinity            infinity
     Parameter 142~N(0.000,infinity)         0.0000            infinity            infinity
     Parameter 143~N(0.000,infinity)         0.0000            infinity            infinity
     Parameter 144~N(0.000,infinity)         0.0000            infinity            infinity
     Parameter 145~N(0.000,infinity)         0.0000            infinity            infinity
     Parameter 146~N(0.000,infinity)         0.0000            infinity            infinity
     Parameter 147~N(0.000,infinity)         0.0000            infinity            infinity
     Parameter 148~N(0.000,infinity)         0.0000            infinity            infinity
     Parameter 149~IW(0.000,-9)            infinity            infinity            infinity
     Parameter 150~IW(0.000,-9)            infinity            infinity            infinity
     Parameter 151~IW(0.000,-9)            infinity            infinity            infinity
     Parameter 152~IW(0.000,-9)            infinity            infinity            infinity
     Parameter 153~IW(0.000,-9)            infinity            infinity            infinity
     Parameter 154~IW(0.000,-9)            infinity            infinity            infinity
     Parameter 155~IW(0.000,-9)            infinity            infinity            infinity
     Parameter 156~IW(0.000,-9)            infinity            infinity            infinity
     Parameter 157~IW(0.000,-9)            infinity            infinity            infinity
     Parameter 158~IW(0.000,-9)            infinity            infinity            infinity
     Parameter 159~IW(0.000,-9)            infinity            infinity            infinity
     Parameter 160~IW(0.000,-9)            infinity            infinity            infinity
     Parameter 161~IW(0.000,-9)            infinity            infinity            infinity
     Parameter 162~IW(0.000,-9)            infinity            infinity            infinity
     Parameter 163~IW(0.000,-9)            infinity            infinity            infinity
     Parameter 164~IW(0.000,-9)            infinity            infinity            infinity
     Parameter 165~IW(0.000,-9)            infinity            infinity            infinity
     Parameter 166~IW(0.000,-9)            infinity            infinity            infinity
     Parameter 167~IW(0.000,-9)            infinity            infinity            infinity
     Parameter 168~IW(0.000,-9)            infinity            infinity            infinity
     Parameter 169~IW(0.000,-9)            infinity            infinity            infinity
     Parameter 170~IW(0.000,-9)            infinity            infinity            infinity
     Parameter 171~IW(0.000,-9)            infinity            infinity            infinity
     Parameter 172~IW(0.000,-9)            infinity            infinity            infinity
     Parameter 173~IW(0.000,-9)            infinity            infinity            infinity
     Parameter 174~IW(0.000,-9)            infinity            infinity            infinity
     Parameter 175~IW(0.000,-9)            infinity            infinity            infinity
     Parameter 176~IW(0.000,-9)            infinity            infinity            infinity
     Parameter 177~IW(0.000,-9)            infinity            infinity            infinity
     Parameter 178~IW(0.000,-9)            infinity            infinity            infinity
     Parameter 179~IW(0.000,-9)            infinity            infinity            infinity
     Parameter 180~IW(0.000,-9)            infinity            infinity            infinity
     Parameter 181~IW(0.000,-9)            infinity            infinity            infinity
     Parameter 182~IW(0.000,-9)            infinity            infinity            infinity
     Parameter 183~IW(0.000,-9)            infinity            infinity            infinity
     Parameter 184~IW(0.000,-9)            infinity            infinity            infinity
     Parameter 185~IW(0.000,-9)            infinity            infinity            infinity
     Parameter 186~IW(0.000,-9)            infinity            infinity            infinity
     Parameter 187~IW(0.000,-9)            infinity            infinity            infinity
     Parameter 188~IW(0.000,-9)            infinity            infinity            infinity
     Parameter 189~IW(0.000,-9)            infinity            infinity            infinity
     Parameter 190~IW(0.000,-9)            infinity            infinity            infinity
     Parameter 191~IW(0.000,-9)            infinity            infinity            infinity
     Parameter 192~IW(0.000,-9)            infinity            infinity            infinity
     Parameter 193~IW(0.000,-9)            infinity            infinity            infinity
     Parameter 194~IW(0.000,-9)            infinity            infinity            infinity
     Parameter 195~IW(0.000,-9)            infinity            infinity            infinity
     Parameter 196~IW(0.000,-9)            infinity            infinity            infinity
     Parameter 197~IW(0.000,-9)            infinity            infinity            infinity
     Parameter 198~IW(0.000,-9)            infinity            infinity            infinity
     Parameter 199~IW(0.000,-9)            infinity            infinity            infinity
     Parameter 200~IW(0.000,-9)            infinity            infinity            infinity
     Parameter 201~IW(0.000,-9)            infinity            infinity            infinity
     Parameter 202~IW(0.000,-9)            infinity            infinity            infinity
     Parameter 203~IW(0.000,-9)            infinity            infinity            infinity
     Parameter 204~IW(0.000,-9)            infinity            infinity            infinity
     Parameter 205~IW(0.000,-9)            infinity            infinity            infinity
     Parameter 206~IW(0.000,-9)            infinity            infinity            infinity
     Parameter 207~IW(0.000,-9)            infinity            infinity            infinity
     Parameter 208~IW(0.000,-9)            infinity            infinity            infinity
     Parameter 209~IW(0.000,-9)            infinity            infinity            infinity
     Parameter 210~IW(0.000,-9)            infinity            infinity            infinity
     Parameter 211~IW(0.000,-9)            infinity            infinity            infinity
     Parameter 212~IW(0.000,-9)            infinity            infinity            infinity
     Parameter 213~IW(0.000,-9)            infinity            infinity            infinity
     Parameter 214~IW(0.000,-9)            infinity            infinity            infinity
     Parameter 215~IW(0.000,-9)            infinity            infinity            infinity
     Parameter 216~IW(0.000,-9)            infinity            infinity            infinity
     Parameter 217~IW(0.000,-9)            infinity            infinity            infinity
     Parameter 218~IW(0.000,-9)            infinity            infinity            infinity
     Parameter 219~IW(0.000,-9)            infinity            infinity            infinity
     Parameter 220~IW(0.000,-9)            infinity            infinity            infinity


TECHNICAL 8 OUTPUT


   TECHNICAL 8 OUTPUT FOR BAYES ESTIMATION

     CHAIN    BSEED
     1        0
     2        285380
     3        253358
     4        93468
     5        608496
     6        903420
     7        195873
     8        462953
     9        939021
     10       127215

                     POTENTIAL       PARAMETER WITH
     ITERATION    SCALE REDUCTION      HIGHEST PSR
     100              1.387               194
     200              1.282               212
     300              1.254               212
     400              1.088               206
     500              1.095               211
     600              1.055               208
     700              1.068               217
     800              1.086               217
     900              1.081               220
     1000             1.107               220
     1100             1.073               220
     1200             1.068               220
     1300             1.070               212
     1400             1.079               212
     1500             1.088               212
     1600             1.099               212
     1700             1.112               212
     1800             1.107               212
     1900             1.123               212
     2000             1.122               212
     2100             1.124               212
     2200             1.106               212
     2300             1.100               212
     2400             1.094               212
     2500             1.080               212
     2600             1.079               212
     2700             1.059               212
     2800             1.050               212
     2900             1.044               212
     3000             1.043               211
     3100             1.043               212
     3200             1.039               212
     3300             1.038               209
     3400             1.040               209
     3500             1.044               209
     3600             1.047               209
     3700             1.040               209
     3800             1.037               209
     3900             1.032               209
     4000             1.028               209
     4100             1.024               199
     4200             1.023               209
     4300             1.022               199
     4400             1.023               209
     4500             1.019               211
     4600             1.018               211
     4700             1.019               199
     4800             1.019               211
     4900             1.018               199
     5000             1.018               199
     5100             1.017               199
     5200             1.013               209
     5300             1.011               212
     5400             1.011               212
     5500             1.010               209
     5600             1.008               209
     5700             1.008               209
     5800             1.007               209
     5900             1.008               212
     6000             1.007               212
     6100             1.007               212
     6200             1.007               209
     6300             1.008               209
     6400             1.009               209
     6500             1.009               209
     6600             1.010               209
     6700             1.010               209
     6800             1.010               209
     6900             1.010               211
     7000             1.012               211
     7100             1.014               211
     7200             1.015               211
     7300             1.015               211
     7400             1.015               211
     7500             1.015               211
     7600             1.016               211
     7700             1.014               211
     7800             1.014               211
     7900             1.013               211
     8000             1.013               211
     8100             1.012               211
     8200             1.012               209
     8300             1.013               209
     8400             1.014               209
     8500             1.014               209
     8600             1.016               209
     8700             1.018               209
     8800             1.019               209
     8900             1.019               209
     9000             1.020               209
     9100             1.020               209
     9200             1.019               209
     9300             1.019               209
     9400             1.018               209
     9500             1.016               209
     9600             1.016               209
     9700             1.016               209
     9800             1.015               209
     9900             1.014               209
     10000            1.014               209
     10100            1.013               209
     10200            1.013               209
     10300            1.013               209
     10400            1.013               209
     10500            1.012               209
     10600            1.011               209
     10700            1.011               209
     10800            1.011               209
     10900            1.011               211
     11000            1.011               211
     11100            1.011               211
     11200            1.012               211
     11300            1.012               211
     11400            1.012               211
     11500            1.011               211
     11600            1.011               211
     11700            1.011               211
     11800            1.011               212
     11900            1.011               212
     12000            1.012               212
     12100            1.013               212
     12200            1.013               212
     12300            1.012               212
     12400            1.011               212
     12500            1.012               212
     12600            1.014               212
     12700            1.014               212
     12800            1.014               212
     12900            1.012               212
     13000            1.012               212
     13100            1.012               212
     13200            1.012               212
     13300            1.011               212
     13400            1.011               212
     13500            1.011               212
     13600            1.011               212
     13700            1.010               212
     13800            1.010               212
     13900            1.010               207
     14000            1.010               207
     14100            1.010               207
     14200            1.010               207
     14300            1.009               207
     14400            1.010               207
     14500            1.009               207
     14600            1.009               207
     14700            1.009               207
     14800            1.009               207
     14900            1.010               207
     15000            1.010               207
     15100            1.010               207
     15200            1.010               207
     15300            1.010               207
     15400            1.010               207
     15500            1.010               207
     15600            1.009               207
     15700            1.009               207
     15800            1.008               207
     15900            1.008               207
     16000            1.008               207
     16100            1.008               207
     16200            1.008               207
     16300            1.007               207
     16400            1.007               207
     16500            1.007               212
     16600            1.007               212
     16700            1.007               212
     16800            1.007               212
     16900            1.007               212
     17000            1.007               212
     17100            1.007               212
     17200            1.007               212
     17300            1.006               212
     17400            1.006               207
     17500            1.006               212
     17600            1.006               207
     17700            1.006               212
     17800            1.006               212
     17900            1.006               212
     18000            1.006               212
     18100            1.006               212
     18200            1.006               212
     18300            1.005               212
     18400            1.006               212
     18500            1.006               212
     18600            1.006               212
     18700            1.006               212
     18800            1.007               212
     18900            1.007               212
     19000            1.007               212
     19100            1.007               212
     19200            1.007               212
     19300            1.006               212
     19400            1.006               212
     19500            1.006               212
     19600            1.006               212
     19700            1.006               212
     19800            1.005               212
     19900            1.005               212
     20000            1.005               212
     20100            1.005               212
     20200            1.005               212
     20300            1.005               212
     20400            1.006               212
     20500            1.006               212
     20600            1.006               212
     20700            1.006               212
     20800            1.006               212
     20900            1.006               212
     21000            1.006               212
     21100            1.006               212
     21200            1.006               212
     21300            1.006               212
     21400            1.005               212
     21500            1.005               209
     21600            1.005               209
     21700            1.005               212
     21800            1.005               212
     21900            1.005               212
     22000            1.005               212
     22100            1.005               212
     22200            1.005               212
     22300            1.005               212
     22400            1.005               212
     22500            1.004               212
     22600            1.004               212
     22700            1.004               212
     22800            1.005               212
     22900            1.005               212
     23000            1.005               212
     23100            1.005               212
     23200            1.005               212
     23300            1.005               212
     23400            1.005               212
     23500            1.005               212
     23600            1.005               212
     23700            1.005               212
     23800            1.005               212
     23900            1.005               212
     24000            1.006               212
     24100            1.006               212
     24200            1.006               212
     24300            1.006               212
     24400            1.006               212
     24500            1.006               212
     24600            1.006               212
     24700            1.006               212
     24800            1.006               212
     24900            1.006               212
     25000            1.006               212
     25100            1.006               212
     25200            1.006               212
     25300            1.006               212
     25400            1.006               212
     25500            1.006               212
     25600            1.007               212
     25700            1.007               212
     25800            1.007               212
     25900            1.007               212
     26000            1.007               212
     26100            1.007               212
     26200            1.007               212
     26300            1.007               212
     26400            1.007               212
     26500            1.007               212
     26600            1.007               212
     26700            1.007               212
     26800            1.006               212
     26900            1.006               212
     27000            1.006               212
     27100            1.006               212
     27200            1.006               212
     27300            1.006               212
     27400            1.006               212
     27500            1.006               212
     27600            1.006               212
     27700            1.006               212
     27800            1.006               212
     27900            1.006               212
     28000            1.006               212
     28100            1.006               212
     28200            1.006               212
     28300            1.006               212
     28400            1.006               212
     28500            1.006               212
     28600            1.006               212
     28700            1.006               212
     28800            1.006               212
     28900            1.006               212
     29000            1.006               212
     29100            1.005               212
     29200            1.005               212
     29300            1.006               212
     29400            1.005               212
     29500            1.005               212
     29600            1.005               212
     29700            1.005               212
     29800            1.005               212
     29900            1.005               207
     30000            1.006               207


PLOT INFORMATION

The following plots are available:

  Bayesian posterior parameter distributions
  Bayesian posterior parameter trace plots
  Bayesian autocorrelation plots
  Bayesian posterior predictive checking scatterplots
  Bayesian posterior predictive checking distribution plots

DIAGRAM INFORMATION

  Mplus diagrams are currently not available for multilevel analysis.
  No diagram output was produced.


     Beginning Time:  16:58:38
        Ending Time:  17:05:00
       Elapsed Time:  00:06:22



MUTHEN & MUTHEN
3463 Stoner Ave.
Los Angeles, CA  90066

Tel: (310) 391-9971
Fax: (310) 391-8971
Web: www.StatModel.com
Support: Support@StatModel.com

Copyright (c) 1998-2021 Muthen & Muthen
