Mplus VERSION 8.6
MUTHEN & MUTHEN
07/14/2026   9:23 AM

INPUT INSTRUCTIONS

  TITLE:
          Causal rGE on differential parenting;

  DATA:
          FILE IS "c:\Repo\data_local\populationrGE_addh_missfix.csv";




  VARIABLE:
          Names are AID FAM GPAIRID GID GFAM
          pgs ANCESTRY SCID sex age_1 age_3
          white african native asian other hispanic
          income par_ed par_age
          par_sex par_marry
          bad_temper pr_parent pr_child del_peer scho_con
          asb_1 asb_3 sub_1 sub_3
          par_sub autonomy par_involv adhd;

          usevariables are !FAM
           pgs sex age_1 !age_3
           pr_parent pr_child del_peer scho_con
           asb_1 sub_1 asb_3 sub_3
           income par_ed
           afr eas his;


          Missing are .;


  DEFINE:
          income = log(income + 1);
          afr = 0;
          eas = 0;
          his = 0;
          IF(ANCESTRY EQ 2)THEN afr = 1;
          IF(ANCESTRY EQ 3)THEN eas = 1;
          IF(ANCESTRY EQ 4)THEN his = 1;

  ANALYSIS:

          ESTIMATOR = BAYES;
          !ESTIMATOR=WLSM;
          !BOOTSTRAP = 20000;
          PROC = 10;
          CHAINS = 10;
          FBITERATIONS= 30000;

  MODEL:


          pr_parent ON pgs sex age_1 income par_ed afr eas his;
          pr_child ON pgs sex age_1 income par_ed afr eas his;
          del_peer ON pgs sex age_1 income par_ed afr eas his;
          scho_con ON pgs sex age_1 income par_ed afr eas his;
          asb_1 sub_1 asb_3 sub_3 ON pgs sex age_1 income par_ed afr eas his;
          pgs sex age_1 income par_ed afr eas his;

          pgs sex WITH pgs sex age_1 income par_ed afr eas his;
          age_1 income WITH pgs sex age_1 income par_ed afr eas his;
          par_ed afr WITH pgs sex age_1 income par_ed afr eas his;
          eas his WITH pgs sex age_1 income par_ed afr eas his;


  MODEL CONSTRAINT:

  OUTPUT: TECH1 TECH8 CINTERVAL;
  PLOT: TYPE = PLOT2;




*** WARNING in VARIABLE command
  Note that only the first 8 characters of variable names are used in the output.
  Shorten variable names to avoid any confusion.
*** WARNING in PLOT command
  Note that only the first 8 characters of variable names are used in plots.
  If variable names are not unique within the first 8 characters, problems
  may occur.
   2 WARNING(S) FOUND IN THE INPUT INSTRUCTIONS




Causal rGE on differential parenting;

SUMMARY OF ANALYSIS

Number of groups                                                 1
Number of observations                                        7841

Number of dependent variables                                    8
Number of independent variables                                  8
Number of continuous latent variables                            0

Observed dependent variables

  Continuous
   PR_PARENT   PR_CHILD    DEL_PEER    SCHO_CON    ASB_1       SUB_1
   ASB_3       SUB_3

Observed independent variables
   PGS         SEX         AGE_1       INCOME      PAR_ED      AFR
   EAS         HIS


Estimator                                                    BAYES
Specifications for Bayesian Estimation
  Point estimate                                            MEDIAN
  Number of Markov chain Monte Carlo (MCMC) chains              10
  Random seed for the first chain                                0
  Starting value information                           UNPERTURBED
  Algorithm used for Markov chain Monte Carlo           GIBBS(PX1)
  Fixed number of iterations                                 30000
  K-th iteration used for thinning                               1

Input data file(s)
  c:\Repo\data_local\populationrGE_addh_missfix.csv
Input data format  FREE


SUMMARY OF DATA



COVARIANCE COVERAGE OF DATA

Minimum covariance coverage value   0.100

     Number of missing data patterns            33


     PROPORTION OF DATA PRESENT


           Covariance Coverage
              PR_PAREN      PR_CHILD      DEL_PEER      SCHO_CON      ASB_1
              ________      ________      ________      ________      ________
 PR_PAREN       0.875
 PR_CHILD       0.868         0.982
 DEL_PEER       0.873         0.979         0.996
 SCHO_CON       0.873         0.980         0.994         0.997
 ASB_1          0.874         0.981         0.996         0.996         0.999
 SUB_1          0.875         0.982         0.996         0.997         0.999
 ASB_3          0.874         0.981         0.996         0.996         0.999
 SUB_3          0.875         0.982         0.996         0.997         0.999
 PGS            0.875         0.982         0.996         0.997         0.999
 SEX            0.875         0.982         0.996         0.997         0.999
 AGE_1          0.875         0.982         0.996         0.997         0.999
 INCOME         0.766         0.767         0.771         0.772         0.773
 PAR_ED         0.837         0.945         0.943         0.944         0.945
 AFR            0.875         0.982         0.996         0.997         0.999
 EAS            0.875         0.982         0.996         0.997         0.999
 HIS            0.875         0.982         0.996         0.997         0.999


           Covariance Coverage
              SUB_1         ASB_3         SUB_3         PGS           SEX
              ________      ________      ________      ________      ________
 SUB_1          1.000
 ASB_3          0.999         0.999
 SUB_3          1.000         0.999         1.000
 PGS            1.000         0.999         1.000         1.000
 SEX            1.000         0.999         1.000         1.000         1.000
 AGE_1          1.000         0.999         1.000         1.000         1.000
 INCOME         0.773         0.773         0.773         0.773         0.773
 PAR_ED         0.946         0.945         0.946         0.946         0.946
 AFR            1.000         0.999         1.000         1.000         1.000
 EAS            1.000         0.999         1.000         1.000         1.000
 HIS            1.000         0.999         1.000         1.000         1.000


           Covariance Coverage
              AGE_1         INCOME        PAR_ED        AFR           EAS
              ________      ________      ________      ________      ________
 AGE_1          1.000
 INCOME         0.773         0.773
 PAR_ED         0.945         0.742         0.946
 AFR            1.000         0.773         0.946         1.000
 EAS            1.000         0.773         0.946         1.000         1.000
 HIS            1.000         0.773         0.946         1.000         1.000


           Covariance Coverage
              HIS
              ________
 HIS            1.000



UNIVARIATE SAMPLE STATISTICS


     UNIVARIATE HIGHER-ORDER MOMENT DESCRIPTIVE STATISTICS

         Variable/         Mean/     Skewness/   Minimum/ % with                Percentiles
        Sample Size      Variance    Kurtosis    Maximum  Min/Max      20%/60%    40%/80%    Median

     PR_PARENT            -0.008      -0.256      -4.072    0.01%      -0.830     -0.236      0.004
            6863.000       0.983      -0.166       1.820    4.65%       0.258      0.890
     PR_CHILD             -0.005      -0.294      -4.020    0.01%      -0.841     -0.257     -0.070
            7701.000       1.014      -0.401       1.553   10.91%       0.275      1.016
     DEL_PEER             -0.004      -0.439      -2.545    0.35%      -0.947     -0.270      0.062
            7812.000       1.006      -0.792       1.152   29.05%       0.398      1.152
     SCHO_CON             -0.003      -0.091      -3.392    0.08%      -0.818     -0.230      0.022
            7818.000       1.004       0.040       2.252    1.77%       0.231      0.811
     ASB_1                 0.001       1.156      -0.823   37.00%      -0.823     -0.764     -0.469
            7833.000       0.996       0.776       5.078    0.01%       0.120      0.850
     SUB_1                 0.008       0.760      -1.074   11.11%      -0.887     -0.702     -0.178
            7841.000       1.000      -0.415       4.151    0.01%       0.097      0.948
     ASB_3                 0.005       1.593      -0.770   37.01%      -0.770     -0.511     -0.396
            7833.000       1.001       2.201       4.638    0.01%      -0.153      0.736
     SUB_3                 0.010       0.404      -1.489   11.11%      -0.848     -0.342     -0.024
            7841.000       1.001      -0.166       4.050    0.01%       0.220      0.809
     PGS                  -0.001       0.045      -3.641    0.01%      -0.818     -0.257     -0.004
            7841.000       0.986       0.091       4.499    0.01%       0.237      0.834
     SEX                   1.531      -0.123       1.000   46.93%       1.000      1.000      2.000
            7841.000       0.249      -1.985       2.000   53.07%       2.000      2.000
     AGE_1                16.081      -0.120      11.417    0.01%      14.417     15.667     16.167
            7838.000       2.947      -0.882      21.417    0.01%      16.667     17.750
     INCOME                3.564      -0.954       0.000    0.92%       3.045      3.497      3.714
            6065.000       0.690       2.778       6.908    0.02%       3.850      4.190
     PAR_ED                3.921      -0.095       0.000    0.07%       3.000      3.000      4.000
            7414.000       1.613      -0.633       6.000   12.00%       4.000      5.000
     AFR                   0.222       1.338       0.000   77.81%       0.000      0.000      0.000
            7841.000       0.173      -0.208       1.000   22.19%       0.000      1.000
     EAS                   0.048       4.251       0.000   95.24%       0.000      0.000      0.000
            7841.000       0.045      16.071       1.000    4.76%       0.000      0.000
     HIS                   0.109       2.513       0.000   89.12%       0.000      0.000      0.000
            7841.000       0.097       4.314       1.000   10.88%       0.000      0.000


THE MODEL ESTIMATION TERMINATED NORMALLY

     USE THE FBITERATIONS OPTION TO INCREASE THE NUMBER OF ITERATIONS BY A FACTOR
     OF AT LEAST TWO TO CHECK CONVERGENCE AND THAT THE PSR VALUE DOES NOT INCREASE.



MODEL FIT INFORMATION

Number of Free Parameters                             152

Bayesian Posterior Predictive Checking using Chi-Square

          95% Confidence Interval for the Difference Between
          the Observed and the Replicated Chi-Square Values

                                -49.042            47.688

          Posterior Predictive P-Value              0.506

Information Criteria

          Deviance (DIC)                       267736.207
          Estimated Number of Parameters (pD)     151.639
          Bayesian (BIC)                       268795.877

RMSEA (Root Mean Square Error Of Approximation)

          Estimate                           0.000
          90 Percent C.I.                    0.000  0.054
          Probability RMSEA <= .05           0.933

CFI/TLI

          CFI                                1.000
          90 Percent C.I.                    0.999  1.000

          TLI                                1.000
          90 Percent C.I.                    0.877  1.000



MODEL RESULTS

                                Posterior  One-Tailed         95% C.I.
                    Estimate       S.D.      P-Value   Lower 2.5%  Upper 2.5%  Significance

 PR_PARENT  ON
    PGS               -0.093       0.012      0.000      -0.116      -0.070      *
    SEX               -0.035       0.024      0.072      -0.081       0.012
    AGE_1             -0.030       0.007      0.000      -0.044      -0.016      *
    INCOME             0.032       0.018      0.035      -0.003       0.067
    PAR_ED             0.008       0.011      0.243      -0.014       0.029
    AFR               -0.016       0.031      0.300      -0.076       0.044
    EAS                0.164       0.060      0.003       0.046       0.282      *
    HIS                0.215       0.040      0.000       0.137       0.293      *

 PR_CHILD   ON
    PGS               -0.049       0.011      0.000      -0.071      -0.027      *
    SEX               -0.235       0.023      0.000      -0.279      -0.191      *
    AGE_1             -0.107       0.007      0.000      -0.120      -0.094      *
    INCOME             0.029       0.018      0.053      -0.006       0.063
    PAR_ED             0.012       0.010      0.132      -0.009       0.032
    AFR                0.050       0.029      0.042      -0.007       0.107
    EAS               -0.047       0.053      0.189      -0.151       0.058
    HIS               -0.049       0.038      0.097      -0.122       0.025

 DEL_PEER   ON
    PGS               -0.113       0.011      0.000      -0.134      -0.092      *
    SEX                0.030       0.021      0.081      -0.012       0.072
    AGE_1             -0.171       0.006      0.000      -0.183      -0.159      *
    INCOME             0.025       0.017      0.066      -0.008       0.058
    PAR_ED             0.045       0.010      0.000       0.026       0.065      *
    AFR                0.224       0.027      0.000       0.170       0.278      *
    EAS                0.443       0.051      0.000       0.343       0.544      *
    HIS                0.112       0.036      0.001       0.042       0.182      *

 SCHO_CON   ON
    PGS               -0.070       0.011      0.000      -0.093      -0.048      *
    SEX               -0.035       0.023      0.063      -0.079       0.010
    AGE_1             -0.056       0.007      0.000      -0.069      -0.043      *
    INCOME             0.022       0.018      0.109      -0.013       0.056
    PAR_ED             0.035       0.011      0.001       0.014       0.056      *
    AFR               -0.070       0.029      0.007      -0.127      -0.014      *
    EAS                0.071       0.054      0.092      -0.034       0.176
    HIS               -0.018       0.038      0.315      -0.092       0.056

 ASB_1      ON
    PGS                0.119       0.011      0.000       0.097       0.140      *
    SEX               -0.447       0.022      0.000      -0.490      -0.405      *
    AGE_1             -0.006       0.006      0.159      -0.019       0.006
    INCOME            -0.008       0.017      0.309      -0.042       0.025
    PAR_ED            -0.006       0.010      0.294      -0.026       0.015
    AFR                0.099       0.028      0.000       0.044       0.154      *
    EAS               -0.014       0.052      0.390      -0.117       0.088
    HIS                0.132       0.037      0.000       0.060       0.204      *

 SUB_1      ON
    PGS                0.104       0.011      0.000       0.083       0.125      *
    SEX               -0.090       0.021      0.000      -0.131      -0.048      *
    AGE_1              0.171       0.006      0.000       0.159       0.183      *
    INCOME             0.014       0.017      0.205      -0.019       0.047
    PAR_ED            -0.012       0.010      0.112      -0.031       0.007
    AFR               -0.428       0.027      0.000      -0.481      -0.375      *
    EAS               -0.464       0.050      0.000      -0.563      -0.365      *
    HIS               -0.125       0.035      0.000      -0.195      -0.056      *

 ASB_3      ON
    PGS                0.099       0.011      0.000       0.078       0.121      *
    SEX               -0.485       0.022      0.000      -0.528      -0.442      *
    AGE_1             -0.055       0.006      0.000      -0.067      -0.042      *
    INCOME             0.001       0.017      0.471      -0.032       0.034
    PAR_ED             0.021       0.010      0.019       0.001       0.041      *
    AFR                0.087       0.028      0.001       0.033       0.143      *
    EAS                0.021       0.052      0.343      -0.082       0.123
    HIS                0.075       0.037      0.020       0.004       0.147      *

 SUB_3      ON
    PGS                0.074       0.011      0.000       0.053       0.095      *
    SEX               -0.361       0.021      0.000      -0.403      -0.319      *
    AGE_1              0.021       0.006      0.001       0.008       0.033      *
    INCOME             0.074       0.017      0.000       0.042       0.107      *
    PAR_ED             0.068       0.010      0.000       0.049       0.088      *
    AFR               -0.555       0.028      0.000      -0.608      -0.501      *
    EAS               -0.405       0.051      0.000      -0.505      -0.305      *
    HIS               -0.161       0.036      0.000      -0.231      -0.091      *

 PGS      WITH
    SEX                0.006       0.006      0.160      -0.005       0.017
    AGE_1             -0.001       0.019      0.481      -0.039       0.037
    INCOME            -0.043       0.010      0.000      -0.064      -0.023      *
    PAR_ED            -0.090       0.015      0.000      -0.119      -0.061      *
    AFR                0.001       0.005      0.432      -0.008       0.010
    EAS                0.004       0.002      0.060      -0.001       0.008
    HIS                0.001       0.004      0.428      -0.006       0.007

 SEX      WITH
    AGE_1             -0.046       0.010      0.000      -0.066      -0.027      *
    INCOME            -0.003       0.005      0.253      -0.014       0.007
    PAR_ED            -0.014       0.007      0.026      -0.029       0.000
    AFR                0.006       0.002      0.005       0.001       0.011      *
    EAS               -0.003       0.001      0.003      -0.006      -0.001      *
    HIS               -0.004       0.002      0.013      -0.007       0.000      *

 AGE_1    WITH
    INCOME            -0.023       0.018      0.108      -0.058       0.013
    PAR_ED            -0.135       0.026      0.000      -0.185      -0.085      *
    AFR               -0.003       0.008      0.340      -0.019       0.013
    EAS                0.022       0.004      0.000       0.014       0.030      *
    HIS                0.027       0.006      0.000       0.015       0.039      *

 INCOME   WITH
    PAR_ED             0.461       0.015      0.000       0.433       0.490      *
    AFR               -0.078       0.005      0.000      -0.087      -0.069      *
    EAS                0.008       0.002      0.001       0.003       0.012      *
    HIS               -0.023       0.003      0.000      -0.029      -0.016      *

 PAR_ED   WITH
    AFR               -0.008       0.006      0.087      -0.021       0.004
    EAS                0.018       0.003      0.000       0.012       0.024      *
    HIS               -0.073       0.005      0.000      -0.082      -0.064      *

 AFR      WITH
    EAS               -0.011       0.001      0.000      -0.013      -0.009      *
    HIS               -0.024       0.001      0.000      -0.027      -0.021      *

 EAS      WITH
    HIS               -0.005       0.001      0.000      -0.007      -0.004      *

 PR_CHILD WITH
    PR_PARENT          0.335       0.012      0.000       0.311       0.359      *

 DEL_PEER WITH
    PR_PARENT          0.186       0.011      0.000       0.164       0.209      *
    PR_CHILD           0.159       0.011      0.000       0.138       0.180      *

 SCHO_CON WITH
    PR_PARENT          0.174       0.012      0.000       0.151       0.198      *
    PR_CHILD           0.298       0.012      0.000       0.276       0.322      *
    DEL_PEER           0.188       0.011      0.000       0.167       0.210      *

 ASB_1    WITH
    PR_PARENT         -0.212       0.012      0.000      -0.235      -0.190      *
    PR_CHILD          -0.215       0.011      0.000      -0.237      -0.193      *
    DEL_PEER          -0.366       0.011      0.000      -0.388      -0.345      *
    SCHO_CON          -0.216       0.011      0.000      -0.238      -0.194      *

 SUB_1    WITH
    PR_PARENT         -0.183       0.011      0.000      -0.205      -0.160      *
    PR_CHILD          -0.161       0.011      0.000      -0.182      -0.140      *
    DEL_PEER          -0.534       0.012      0.000      -0.557      -0.511      *
    SCHO_CON          -0.160       0.011      0.000      -0.181      -0.139      *
    ASB_1              0.393       0.011      0.000       0.371       0.415      *

 ASB_3    WITH
    PR_PARENT         -0.139       0.011      0.000      -0.161      -0.117      *
    PR_CHILD          -0.134       0.011      0.000      -0.155      -0.112      *
    DEL_PEER          -0.203       0.011      0.000      -0.224      -0.183      *
    SCHO_CON          -0.148       0.011      0.000      -0.169      -0.126      *
    ASB_1              0.576       0.012      0.000       0.552       0.601      *
    SUB_1              0.235       0.011      0.000       0.215       0.256      *

 SUB_3    WITH
    PR_PARENT         -0.067       0.011      0.000      -0.089      -0.045      *
    PR_CHILD          -0.069       0.011      0.000      -0.090      -0.048      *
    DEL_PEER          -0.213       0.010      0.000      -0.233      -0.193      *
    SCHO_CON          -0.035       0.011      0.000      -0.056      -0.014      *
    ASB_1              0.194       0.011      0.000       0.174       0.215      *
    SUB_1              0.385       0.011      0.000       0.364       0.406      *
    ASB_3              0.257       0.011      0.000       0.236       0.278      *

 Means
    PGS               -0.001       0.011      0.461      -0.023       0.021
    SEX                1.531       0.006      0.000       1.520       1.542      *
    AGE_1             16.081       0.019      0.000      16.043      16.119      *
    INCOME             3.542       0.010      0.000       3.521       3.562      *
    PAR_ED             3.911       0.015      0.000       3.882       3.939      *
    AFR                0.222       0.005      0.000       0.213       0.231      *
    EAS                0.048       0.002      0.000       0.043       0.052      *
    HIS                0.109       0.004      0.000       0.102       0.116      *

 Intercepts
    PR_PARENT          0.350       0.135      0.005       0.086       0.615      *
    PR_CHILD           1.924       0.129      0.000       1.669       2.177      *
    DEL_PEER           2.353       0.123      0.000       2.114       2.594      *
    SCHO_CON           0.752       0.129      0.000       0.499       1.005      *
    ASB_1              0.804       0.125      0.000       0.558       1.049      *
    SUB_1             -2.475       0.121      0.000      -2.712      -2.236      *
    ASB_3              1.509       0.125      0.000       1.265       1.753      *
    SUB_3             -0.139       0.122      0.127      -0.379       0.100

 Variances
    PGS                0.988       0.016      0.000       0.958       1.020      *
    SEX                0.250       0.004      0.000       0.242       0.258      *
    AGE_1              2.954       0.047      0.000       2.862       3.048      *
    INCOME             0.697       0.013      0.000       0.672       0.722      *
    PAR_ED             1.618       0.027      0.000       1.567       1.671      *
    AFR                0.173       0.003      0.000       0.168       0.179      *
    EAS                0.045       0.001      0.000       0.044       0.047      *
    HIS                0.097       0.002      0.000       0.094       0.100      *

 Residual Variances
    PR_PARENT          0.971       0.017      0.000       0.939       1.004      *
    PR_CHILD           0.969       0.016      0.000       0.939       1.001      *
    DEL_PEER           0.891       0.014      0.000       0.863       0.919      *
    SCHO_CON           0.987       0.016      0.000       0.957       1.019      *
    ASB_1              0.933       0.015      0.000       0.904       0.963      *
    SUB_1              0.870       0.014      0.000       0.843       0.898      *
    ASB_3              0.928       0.015      0.000       0.899       0.957      *
    SUB_3              0.888       0.014      0.000       0.861       0.916      *


CREDIBILITY INTERVALS OF MODEL RESULTS

                  Lower .5%  Lower 2.5%    Lower 5%    Estimate    Upper 5%  Upper 2.5%   Upper .5%

 PR_PAREN ON
    PGS             -0.124      -0.116      -0.112      -0.093      -0.073      -0.070      -0.062
    SEX             -0.096      -0.081      -0.074      -0.035       0.004       0.012       0.027
    AGE_1           -0.048      -0.044      -0.042      -0.030      -0.019      -0.016      -0.012
    INCOME          -0.014      -0.003       0.003       0.032       0.061       0.067       0.077
    PAR_ED          -0.021      -0.014      -0.011       0.008       0.026       0.029       0.036
    AFR             -0.096      -0.076      -0.067      -0.016       0.034       0.044       0.062
    EAS              0.008       0.046       0.065       0.164       0.263       0.282       0.319
    HIS              0.112       0.137       0.150       0.215       0.281       0.293       0.318

 PR_CHILD ON
    PGS             -0.078      -0.071      -0.068      -0.049      -0.030      -0.027      -0.020
    SEX             -0.293      -0.279      -0.272      -0.235      -0.198      -0.191      -0.177
    AGE_1           -0.124      -0.120      -0.118      -0.107      -0.096      -0.094      -0.090
    INCOME          -0.017      -0.006       0.000       0.029       0.057       0.063       0.074
    PAR_ED          -0.015      -0.009      -0.006       0.012       0.029       0.032       0.039
    AFR             -0.025      -0.007       0.002       0.050       0.098       0.107       0.125
    EAS             -0.185      -0.151      -0.134      -0.047       0.041       0.058       0.091
    HIS             -0.146      -0.122      -0.110      -0.049       0.013       0.025       0.049

 DEL_PEER ON
    PGS             -0.141      -0.134      -0.131      -0.113      -0.095      -0.092      -0.085
    SEX             -0.025      -0.012      -0.005       0.030       0.065       0.072       0.085
    AGE_1           -0.187      -0.183      -0.181      -0.171      -0.161      -0.159      -0.155
    INCOME          -0.018      -0.008      -0.002       0.025       0.053       0.058       0.068
    PAR_ED           0.020       0.026       0.029       0.045       0.062       0.065       0.071
    AFR              0.153       0.170       0.179       0.224       0.269       0.278       0.295
    EAS              0.311       0.343       0.359       0.443       0.527       0.544       0.575
    HIS              0.020       0.042       0.053       0.112       0.171       0.182       0.205

 SCHO_CON ON
    PGS             -0.100      -0.093      -0.089      -0.070      -0.052      -0.048      -0.041
    SEX             -0.092      -0.079      -0.072      -0.035       0.003       0.010       0.023
    AGE_1           -0.073      -0.069      -0.067      -0.056      -0.045      -0.043      -0.039
    INCOME          -0.024      -0.013      -0.007       0.022       0.051       0.056       0.067
    PAR_ED           0.008       0.014       0.017       0.035       0.052       0.056       0.062
    AFR             -0.145      -0.127      -0.118      -0.070      -0.023      -0.014       0.004
    EAS             -0.067      -0.034      -0.017       0.071       0.159       0.176       0.209
    HIS             -0.115      -0.092      -0.080      -0.018       0.044       0.056       0.079

 ASB_1    ON
    PGS              0.090       0.097       0.101       0.119       0.137       0.140       0.147
    SEX             -0.504      -0.490      -0.483      -0.447      -0.411      -0.405      -0.392
    AGE_1           -0.023      -0.019      -0.017      -0.006       0.004       0.006       0.010
    INCOME          -0.052      -0.042      -0.036      -0.008       0.020       0.025       0.035
    PAR_ED          -0.032      -0.026      -0.022      -0.006       0.011       0.015       0.021
    AFR              0.027       0.044       0.053       0.099       0.145       0.154       0.172
    EAS             -0.149      -0.117      -0.101      -0.014       0.071       0.088       0.119
    HIS              0.037       0.060       0.071       0.132       0.192       0.204       0.226

 SUB_1    ON
    PGS              0.077       0.083       0.087       0.104       0.122       0.125       0.132
    SEX             -0.144      -0.131      -0.125      -0.090      -0.055      -0.048      -0.035
    AGE_1            0.155       0.159       0.161       0.171       0.181       0.183       0.187
    INCOME          -0.029      -0.019      -0.014       0.014       0.041       0.047       0.057
    PAR_ED          -0.038      -0.031      -0.028      -0.012       0.004       0.007       0.014
    AFR             -0.498      -0.481      -0.473      -0.428      -0.383      -0.375      -0.358
    EAS             -0.594      -0.563      -0.547      -0.464      -0.381      -0.365      -0.334
    HIS             -0.216      -0.195      -0.184      -0.125      -0.067      -0.056      -0.034

 ASB_3    ON
    PGS              0.071       0.078       0.081       0.099       0.117       0.121       0.127
    SEX             -0.541      -0.528      -0.521      -0.485      -0.449      -0.442      -0.428
    AGE_1           -0.071      -0.067      -0.065      -0.055      -0.044      -0.042      -0.038
    INCOME          -0.042      -0.032      -0.026       0.001       0.029       0.034       0.045
    PAR_ED          -0.005       0.001       0.004       0.021       0.038       0.041       0.047
    AFR              0.014       0.033       0.041       0.087       0.133       0.143       0.160
    EAS             -0.114      -0.082      -0.065       0.021       0.106       0.123       0.156
    HIS             -0.019       0.004       0.015       0.075       0.136       0.147       0.170

 SUB_3    ON
    PGS              0.046       0.053       0.056       0.074       0.092       0.095       0.102
    SEX             -0.415      -0.403      -0.396      -0.361      -0.326      -0.319      -0.305
    AGE_1            0.004       0.008       0.010       0.021       0.031       0.033       0.037
    INCOME           0.031       0.042       0.047       0.074       0.102       0.107       0.118
    PAR_ED           0.042       0.049       0.052       0.068       0.085       0.088       0.094
    AFR             -0.626      -0.608      -0.600      -0.555      -0.509      -0.501      -0.484
    EAS             -0.536      -0.505      -0.489      -0.405      -0.321      -0.305      -0.274
    HIS             -0.253      -0.231      -0.220      -0.161      -0.102      -0.091      -0.068

 PGS      WITH
    SEX             -0.009      -0.005      -0.004       0.006       0.015       0.017       0.020
    AGE_1           -0.051      -0.039      -0.033      -0.001       0.031       0.037       0.049
    INCOME          -0.070      -0.064      -0.061      -0.043      -0.027      -0.023      -0.017
    PAR_ED          -0.128      -0.119      -0.114      -0.090      -0.066      -0.061      -0.053
    AFR             -0.011      -0.008      -0.007       0.001       0.008       0.010       0.013
    EAS             -0.002      -0.001       0.000       0.004       0.008       0.008       0.010
    HIS             -0.009      -0.006      -0.005       0.001       0.006       0.007       0.010

 SEX      WITH
    AGE_1           -0.072      -0.066      -0.063      -0.046      -0.031      -0.027      -0.021
    INCOME          -0.017      -0.014      -0.012      -0.003       0.005       0.007       0.010
    PAR_ED          -0.033      -0.029      -0.027      -0.014      -0.002       0.000       0.005
    AFR              0.000       0.001       0.002       0.006       0.010       0.011       0.012
    EAS             -0.006      -0.006      -0.005      -0.003      -0.001      -0.001       0.000
    HIS             -0.008      -0.007      -0.007      -0.004      -0.001       0.000       0.001

 AGE_1    WITH
    INCOME          -0.070      -0.058      -0.053      -0.023       0.008       0.013       0.024
    PAR_ED          -0.201      -0.185      -0.177      -0.135      -0.093      -0.085      -0.069
    AFR             -0.024      -0.019      -0.017      -0.003       0.010       0.013       0.018
    EAS              0.011       0.014       0.015       0.022       0.029       0.030       0.033
    HIS              0.012       0.015       0.017       0.027       0.037       0.039       0.043

 INCOME   WITH
    PAR_ED           0.424       0.433       0.437       0.461       0.486       0.490       0.499
    AFR             -0.090      -0.087      -0.085      -0.078      -0.070      -0.069      -0.066
    EAS              0.002       0.003       0.004       0.008       0.012       0.012       0.014
    HIS             -0.031      -0.029      -0.028      -0.023      -0.017      -0.016      -0.014

 PAR_ED   WITH
    AFR             -0.024      -0.021      -0.019      -0.008       0.002       0.004       0.007
    EAS              0.010       0.012       0.013       0.018       0.023       0.024       0.026
    HIS             -0.085      -0.082      -0.081      -0.073      -0.065      -0.064      -0.061

 AFR      WITH
    EAS             -0.013      -0.013      -0.012      -0.011      -0.009      -0.009      -0.008
    HIS             -0.028      -0.027      -0.027      -0.024      -0.022      -0.021      -0.020

 EAS      WITH
    HIS             -0.007      -0.007      -0.006      -0.005      -0.004      -0.004      -0.003

 PR_CHILD WITH
    PR_PARENT        0.303       0.311       0.315       0.335       0.355       0.359       0.367

 DEL_PEER WITH
    PR_PARENT        0.157       0.164       0.167       0.186       0.205       0.209       0.216
    PR_CHILD         0.132       0.138       0.142       0.159       0.177       0.180       0.187

 SCHO_CON WITH
    PR_PARENT        0.144       0.151       0.155       0.174       0.194       0.198       0.205
    PR_CHILD         0.269       0.276       0.279       0.298       0.318       0.322       0.329
    DEL_PEER         0.160       0.167       0.170       0.188       0.206       0.210       0.216

 ASB_1    WITH
    PR_PARENT       -0.243      -0.235      -0.232      -0.212      -0.193      -0.190      -0.182
    PR_CHILD        -0.244      -0.237      -0.233      -0.215      -0.197      -0.193      -0.187
    DEL_PEER        -0.395      -0.388      -0.385      -0.366      -0.348      -0.345      -0.338
    SCHO_CON        -0.245      -0.238      -0.234      -0.216      -0.198      -0.194      -0.187

 SUB_1    WITH
    PR_PARENT       -0.212      -0.205      -0.201      -0.183      -0.164      -0.160      -0.154
    PR_CHILD        -0.188      -0.182      -0.178      -0.161      -0.143      -0.140      -0.133
    DEL_PEER        -0.565      -0.557      -0.553      -0.534      -0.515      -0.511      -0.504
    SCHO_CON        -0.187      -0.181      -0.177      -0.160      -0.142      -0.139      -0.133
    ASB_1            0.365       0.371       0.375       0.393       0.411       0.415       0.422

 ASB_3    WITH
    PR_PARENT       -0.168      -0.161      -0.158      -0.139      -0.120      -0.117      -0.109
    PR_CHILD        -0.162      -0.155      -0.152      -0.134      -0.116      -0.112      -0.106
    DEL_PEER        -0.231      -0.224      -0.221      -0.203      -0.186      -0.183      -0.176
    SCHO_CON        -0.176      -0.169      -0.166      -0.148      -0.130      -0.126      -0.119
    ASB_1            0.545       0.552       0.556       0.576       0.597       0.601       0.609
    SUB_1            0.208       0.215       0.218       0.235       0.253       0.256       0.263

 SUB_3    WITH
    PR_PARENT       -0.096      -0.089      -0.085      -0.067      -0.049      -0.045      -0.038
    PR_CHILD        -0.096      -0.090      -0.087      -0.069      -0.051      -0.048      -0.041
    DEL_PEER        -0.240      -0.233      -0.230      -0.213      -0.196      -0.193      -0.186
    SCHO_CON        -0.062      -0.056      -0.052      -0.035      -0.017      -0.014      -0.007
    ASB_1            0.167       0.174       0.177       0.194       0.212       0.215       0.222
    SUB_1            0.357       0.364       0.367       0.385       0.403       0.406       0.414
    ASB_3            0.230       0.236       0.239       0.257       0.274       0.278       0.285

 Means
    PGS             -0.030      -0.023      -0.020      -0.001       0.017       0.021       0.028
    SEX              1.516       1.520       1.521       1.531       1.540       1.542       1.545
    AGE_1           16.031      16.043      16.049      16.081      16.113      16.119      16.131
    INCOME           3.515       3.521       3.525       3.542       3.559       3.562       3.569
    PAR_ED           3.873       3.882       3.886       3.911       3.935       3.939       3.948
    AFR              0.210       0.213       0.214       0.222       0.230       0.231       0.234
    EAS              0.041       0.043       0.044       0.048       0.052       0.052       0.054
    HIS              0.100       0.102       0.103       0.109       0.115       0.116       0.118

 Intercepts
    PR_PARENT        0.002       0.086       0.128       0.350       0.572       0.615       0.698
    PR_CHILD         1.592       1.669       1.711       1.924       2.137       2.177       2.256
    DEL_PEER         2.041       2.114       2.151       2.353       2.554       2.594       2.670
    SCHO_CON         0.420       0.499       0.539       0.752       0.965       1.005       1.081
    ASB_1            0.481       0.558       0.597       0.804       1.010       1.049       1.127
    SUB_1           -2.787      -2.712      -2.673      -2.475      -2.275      -2.236      -2.162
    ASB_3            1.186       1.265       1.304       1.509       1.714       1.753       1.829
    SUB_3           -0.455      -0.379      -0.340      -0.139       0.061       0.100       0.175

 Variances
    PGS              0.948       0.958       0.962       0.988       1.014       1.020       1.030
    SEX              0.240       0.242       0.243       0.250       0.256       0.258       0.260
    AGE_1            2.834       2.862       2.877       2.954       3.032       3.048       3.079
    INCOME           0.665       0.672       0.676       0.697       0.718       0.722       0.730
    PAR_ED           1.552       1.567       1.575       1.618       1.663       1.671       1.689
    AFR              0.166       0.168       0.169       0.173       0.178       0.179       0.180
    EAS              0.044       0.044       0.044       0.045       0.047       0.047       0.047
    HIS              0.093       0.094       0.095       0.097       0.100       0.100       0.101

 Residual Variances
    PR_PARENT        0.929       0.939       0.944       0.971       0.999       1.004       1.015
    PR_CHILD         0.930       0.939       0.944       0.969       0.996       1.001       1.011
    DEL_PEER         0.855       0.863       0.868       0.891       0.915       0.919       0.929
    SCHO_CON         0.947       0.957       0.961       0.987       1.014       1.019       1.029
    ASB_1            0.896       0.904       0.909       0.933       0.958       0.963       0.972
    SUB_1            0.835       0.843       0.848       0.870       0.893       0.898       0.907
    ASB_3            0.890       0.899       0.904       0.928       0.953       0.957       0.967
    SUB_3            0.852       0.861       0.865       0.888       0.912       0.916       0.926


TECHNICAL 1 OUTPUT


     PARAMETER SPECIFICATION


           NU
              PR_PAREN      PR_CHILD      DEL_PEER      SCHO_CON      ASB_1
              ________      ________      ________      ________      ________
                    0             0             0             0             0


           NU
              SUB_1         ASB_3         SUB_3         PGS           SEX
              ________      ________      ________      ________      ________
                    0             0             0             0             0


           NU
              AGE_1         INCOME        PAR_ED        AFR           EAS
              ________      ________      ________      ________      ________
                    0             0             0             0             0


           NU
              HIS
              ________
                    0


           LAMBDA
              PR_PAREN      PR_CHILD      DEL_PEER      SCHO_CON      ASB_1
              ________      ________      ________      ________      ________
 PR_PAREN           0             0             0             0             0
 PR_CHILD           0             0             0             0             0
 DEL_PEER           0             0             0             0             0
 SCHO_CON           0             0             0             0             0
 ASB_1              0             0             0             0             0
 SUB_1              0             0             0             0             0
 ASB_3              0             0             0             0             0
 SUB_3              0             0             0             0             0
 PGS                0             0             0             0             0
 SEX                0             0             0             0             0
 AGE_1              0             0             0             0             0
 INCOME             0             0             0             0             0
 PAR_ED             0             0             0             0             0
 AFR                0             0             0             0             0
 EAS                0             0             0             0             0
 HIS                0             0             0             0             0


           LAMBDA
              SUB_1         ASB_3         SUB_3         PGS           SEX
              ________      ________      ________      ________      ________
 PR_PAREN           0             0             0             0             0
 PR_CHILD           0             0             0             0             0
 DEL_PEER           0             0             0             0             0
 SCHO_CON           0             0             0             0             0
 ASB_1              0             0             0             0             0
 SUB_1              0             0             0             0             0
 ASB_3              0             0             0             0             0
 SUB_3              0             0             0             0             0
 PGS                0             0             0             0             0
 SEX                0             0             0             0             0
 AGE_1              0             0             0             0             0
 INCOME             0             0             0             0             0
 PAR_ED             0             0             0             0             0
 AFR                0             0             0             0             0
 EAS                0             0             0             0             0
 HIS                0             0             0             0             0


           LAMBDA
              AGE_1         INCOME        PAR_ED        AFR           EAS
              ________      ________      ________      ________      ________
 PR_PAREN           0             0             0             0             0
 PR_CHILD           0             0             0             0             0
 DEL_PEER           0             0             0             0             0
 SCHO_CON           0             0             0             0             0
 ASB_1              0             0             0             0             0
 SUB_1              0             0             0             0             0
 ASB_3              0             0             0             0             0
 SUB_3              0             0             0             0             0
 PGS                0             0             0             0             0
 SEX                0             0             0             0             0
 AGE_1              0             0             0             0             0
 INCOME             0             0             0             0             0
 PAR_ED             0             0             0             0             0
 AFR                0             0             0             0             0
 EAS                0             0             0             0             0
 HIS                0             0             0             0             0


           LAMBDA
              HIS
              ________
 PR_PAREN           0
 PR_CHILD           0
 DEL_PEER           0
 SCHO_CON           0
 ASB_1              0
 SUB_1              0
 ASB_3              0
 SUB_3              0
 PGS                0
 SEX                0
 AGE_1              0
 INCOME             0
 PAR_ED             0
 AFR                0
 EAS                0
 HIS                0


           THETA
              PR_PAREN      PR_CHILD      DEL_PEER      SCHO_CON      ASB_1
              ________      ________      ________      ________      ________
 PR_PAREN           0
 PR_CHILD           0             0
 DEL_PEER           0             0             0
 SCHO_CON           0             0             0             0
 ASB_1              0             0             0             0             0
 SUB_1              0             0             0             0             0
 ASB_3              0             0             0             0             0
 SUB_3              0             0             0             0             0
 PGS                0             0             0             0             0
 SEX                0             0             0             0             0
 AGE_1              0             0             0             0             0
 INCOME             0             0             0             0             0
 PAR_ED             0             0             0             0             0
 AFR                0             0             0             0             0
 EAS                0             0             0             0             0
 HIS                0             0             0             0             0


           THETA
              SUB_1         ASB_3         SUB_3         PGS           SEX
              ________      ________      ________      ________      ________
 SUB_1              0
 ASB_3              0             0
 SUB_3              0             0             0
 PGS                0             0             0             0
 SEX                0             0             0             0             0
 AGE_1              0             0             0             0             0
 INCOME             0             0             0             0             0
 PAR_ED             0             0             0             0             0
 AFR                0             0             0             0             0
 EAS                0             0             0             0             0
 HIS                0             0             0             0             0


           THETA
              AGE_1         INCOME        PAR_ED        AFR           EAS
              ________      ________      ________      ________      ________
 AGE_1              0
 INCOME             0             0
 PAR_ED             0             0             0
 AFR                0             0             0             0
 EAS                0             0             0             0             0
 HIS                0             0             0             0             0


           THETA
              HIS
              ________
 HIS                0


           ALPHA
              PR_PAREN      PR_CHILD      DEL_PEER      SCHO_CON      ASB_1
              ________      ________      ________      ________      ________
                    1             2             3             4             5


           ALPHA
              SUB_1         ASB_3         SUB_3         PGS           SEX
              ________      ________      ________      ________      ________
                    6             7             8             9            10


           ALPHA
              AGE_1         INCOME        PAR_ED        AFR           EAS
              ________      ________      ________      ________      ________
                   11            12            13            14            15


           ALPHA
              HIS
              ________
                   16


           BETA
              PR_PAREN      PR_CHILD      DEL_PEER      SCHO_CON      ASB_1
              ________      ________      ________      ________      ________
 PR_PAREN           0             0             0             0             0
 PR_CHILD           0             0             0             0             0
 DEL_PEER           0             0             0             0             0
 SCHO_CON           0             0             0             0             0
 ASB_1              0             0             0             0             0
 SUB_1              0             0             0             0             0
 ASB_3              0             0             0             0             0
 SUB_3              0             0             0             0             0
 PGS                0             0             0             0             0
 SEX                0             0             0             0             0
 AGE_1              0             0             0             0             0
 INCOME             0             0             0             0             0
 PAR_ED             0             0             0             0             0
 AFR                0             0             0             0             0
 EAS                0             0             0             0             0
 HIS                0             0             0             0             0


           BETA
              SUB_1         ASB_3         SUB_3         PGS           SEX
              ________      ________      ________      ________      ________
 PR_PAREN           0             0             0            17            18
 PR_CHILD           0             0             0            25            26
 DEL_PEER           0             0             0            33            34
 SCHO_CON           0             0             0            41            42
 ASB_1              0             0             0            49            50
 SUB_1              0             0             0            57            58
 ASB_3              0             0             0            65            66
 SUB_3              0             0             0            73            74
 PGS                0             0             0             0             0
 SEX                0             0             0             0             0
 AGE_1              0             0             0             0             0
 INCOME             0             0             0             0             0
 PAR_ED             0             0             0             0             0
 AFR                0             0             0             0             0
 EAS                0             0             0             0             0
 HIS                0             0             0             0             0


           BETA
              AGE_1         INCOME        PAR_ED        AFR           EAS
              ________      ________      ________      ________      ________
 PR_PAREN          19            20            21            22            23
 PR_CHILD          27            28            29            30            31
 DEL_PEER          35            36            37            38            39
 SCHO_CON          43            44            45            46            47
 ASB_1             51            52            53            54            55
 SUB_1             59            60            61            62            63
 ASB_3             67            68            69            70            71
 SUB_3             75            76            77            78            79
 PGS                0             0             0             0             0
 SEX                0             0             0             0             0
 AGE_1              0             0             0             0             0
 INCOME             0             0             0             0             0
 PAR_ED             0             0             0             0             0
 AFR                0             0             0             0             0
 EAS                0             0             0             0             0
 HIS                0             0             0             0             0


           BETA
              HIS
              ________
 PR_PAREN          24
 PR_CHILD          32
 DEL_PEER          40
 SCHO_CON          48
 ASB_1             56
 SUB_1             64
 ASB_3             72
 SUB_3             80
 PGS                0
 SEX                0
 AGE_1              0
 INCOME             0
 PAR_ED             0
 AFR                0
 EAS                0
 HIS                0


           PSI
              PR_PAREN      PR_CHILD      DEL_PEER      SCHO_CON      ASB_1
              ________      ________      ________      ________      ________
 PR_PAREN          81
 PR_CHILD          82            83
 DEL_PEER          84            85            86
 SCHO_CON          87            88            89            90
 ASB_1             91            92            93            94            95
 SUB_1             96            97            98            99           100
 ASB_3            102           103           104           105           106
 SUB_3            109           110           111           112           113
 PGS                0             0             0             0             0
 SEX                0             0             0             0             0
 AGE_1              0             0             0             0             0
 INCOME             0             0             0             0             0
 PAR_ED             0             0             0             0             0
 AFR                0             0             0             0             0
 EAS                0             0             0             0             0
 HIS                0             0             0             0             0


           PSI
              SUB_1         ASB_3         SUB_3         PGS           SEX
              ________      ________      ________      ________      ________
 SUB_1            101
 ASB_3            107           108
 SUB_3            114           115           116
 PGS                0             0             0           117
 SEX                0             0             0           118           119
 AGE_1              0             0             0           120           121
 INCOME             0             0             0           123           124
 PAR_ED             0             0             0           127           128
 AFR                0             0             0           132           133
 EAS                0             0             0           138           139
 HIS                0             0             0           145           146


           PSI
              AGE_1         INCOME        PAR_ED        AFR           EAS
              ________      ________      ________      ________      ________
 AGE_1            122
 INCOME           125           126
 PAR_ED           129           130           131
 AFR              134           135           136           137
 EAS              140           141           142           143           144
 HIS              147           148           149           150           151


           PSI
              HIS
              ________
 HIS              152


     STARTING VALUES


           NU
              PR_PAREN      PR_CHILD      DEL_PEER      SCHO_CON      ASB_1
              ________      ________      ________      ________      ________
                0.000         0.000         0.000         0.000         0.000


           NU
              SUB_1         ASB_3         SUB_3         PGS           SEX
              ________      ________      ________      ________      ________
                0.000         0.000         0.000         0.000         0.000


           NU
              AGE_1         INCOME        PAR_ED        AFR           EAS
              ________      ________      ________      ________      ________
                0.000         0.000         0.000         0.000         0.000


           NU
              HIS
              ________
                0.000


           LAMBDA
              PR_PAREN      PR_CHILD      DEL_PEER      SCHO_CON      ASB_1
              ________      ________      ________      ________      ________
 PR_PAREN       1.000         0.000         0.000         0.000         0.000
 PR_CHILD       0.000         1.000         0.000         0.000         0.000
 DEL_PEER       0.000         0.000         1.000         0.000         0.000
 SCHO_CON       0.000         0.000         0.000         1.000         0.000
 ASB_1          0.000         0.000         0.000         0.000         1.000
 SUB_1          0.000         0.000         0.000         0.000         0.000
 ASB_3          0.000         0.000         0.000         0.000         0.000
 SUB_3          0.000         0.000         0.000         0.000         0.000
 PGS            0.000         0.000         0.000         0.000         0.000
 SEX            0.000         0.000         0.000         0.000         0.000
 AGE_1          0.000         0.000         0.000         0.000         0.000
 INCOME         0.000         0.000         0.000         0.000         0.000
 PAR_ED         0.000         0.000         0.000         0.000         0.000
 AFR            0.000         0.000         0.000         0.000         0.000
 EAS            0.000         0.000         0.000         0.000         0.000
 HIS            0.000         0.000         0.000         0.000         0.000


           LAMBDA
              SUB_1         ASB_3         SUB_3         PGS           SEX
              ________      ________      ________      ________      ________
 PR_PAREN       0.000         0.000         0.000         0.000         0.000
 PR_CHILD       0.000         0.000         0.000         0.000         0.000
 DEL_PEER       0.000         0.000         0.000         0.000         0.000
 SCHO_CON       0.000         0.000         0.000         0.000         0.000
 ASB_1          0.000         0.000         0.000         0.000         0.000
 SUB_1          1.000         0.000         0.000         0.000         0.000
 ASB_3          0.000         1.000         0.000         0.000         0.000
 SUB_3          0.000         0.000         1.000         0.000         0.000
 PGS            0.000         0.000         0.000         1.000         0.000
 SEX            0.000         0.000         0.000         0.000         1.000
 AGE_1          0.000         0.000         0.000         0.000         0.000
 INCOME         0.000         0.000         0.000         0.000         0.000
 PAR_ED         0.000         0.000         0.000         0.000         0.000
 AFR            0.000         0.000         0.000         0.000         0.000
 EAS            0.000         0.000         0.000         0.000         0.000
 HIS            0.000         0.000         0.000         0.000         0.000


           LAMBDA
              AGE_1         INCOME        PAR_ED        AFR           EAS
              ________      ________      ________      ________      ________
 PR_PAREN       0.000         0.000         0.000         0.000         0.000
 PR_CHILD       0.000         0.000         0.000         0.000         0.000
 DEL_PEER       0.000         0.000         0.000         0.000         0.000
 SCHO_CON       0.000         0.000         0.000         0.000         0.000
 ASB_1          0.000         0.000         0.000         0.000         0.000
 SUB_1          0.000         0.000         0.000         0.000         0.000
 ASB_3          0.000         0.000         0.000         0.000         0.000
 SUB_3          0.000         0.000         0.000         0.000         0.000
 PGS            0.000         0.000         0.000         0.000         0.000
 SEX            0.000         0.000         0.000         0.000         0.000
 AGE_1          1.000         0.000         0.000         0.000         0.000
 INCOME         0.000         1.000         0.000         0.000         0.000
 PAR_ED         0.000         0.000         1.000         0.000         0.000
 AFR            0.000         0.000         0.000         1.000         0.000
 EAS            0.000         0.000         0.000         0.000         1.000
 HIS            0.000         0.000         0.000         0.000         0.000


           LAMBDA
              HIS
              ________
 PR_PAREN       0.000
 PR_CHILD       0.000
 DEL_PEER       0.000
 SCHO_CON       0.000
 ASB_1          0.000
 SUB_1          0.000
 ASB_3          0.000
 SUB_3          0.000
 PGS            0.000
 SEX            0.000
 AGE_1          0.000
 INCOME         0.000
 PAR_ED         0.000
 AFR            0.000
 EAS            0.000
 HIS            1.000


           THETA
              PR_PAREN      PR_CHILD      DEL_PEER      SCHO_CON      ASB_1
              ________      ________      ________      ________      ________
 PR_PAREN       0.000
 PR_CHILD       0.000         0.000
 DEL_PEER       0.000         0.000         0.000
 SCHO_CON       0.000         0.000         0.000         0.000
 ASB_1          0.000         0.000         0.000         0.000         0.000
 SUB_1          0.000         0.000         0.000         0.000         0.000
 ASB_3          0.000         0.000         0.000         0.000         0.000
 SUB_3          0.000         0.000         0.000         0.000         0.000
 PGS            0.000         0.000         0.000         0.000         0.000
 SEX            0.000         0.000         0.000         0.000         0.000
 AGE_1          0.000         0.000         0.000         0.000         0.000
 INCOME         0.000         0.000         0.000         0.000         0.000
 PAR_ED         0.000         0.000         0.000         0.000         0.000
 AFR            0.000         0.000         0.000         0.000         0.000
 EAS            0.000         0.000         0.000         0.000         0.000
 HIS            0.000         0.000         0.000         0.000         0.000


           THETA
              SUB_1         ASB_3         SUB_3         PGS           SEX
              ________      ________      ________      ________      ________
 SUB_1          0.000
 ASB_3          0.000         0.000
 SUB_3          0.000         0.000         0.000
 PGS            0.000         0.000         0.000         0.000
 SEX            0.000         0.000         0.000         0.000         0.000
 AGE_1          0.000         0.000         0.000         0.000         0.000
 INCOME         0.000         0.000         0.000         0.000         0.000
 PAR_ED         0.000         0.000         0.000         0.000         0.000
 AFR            0.000         0.000         0.000         0.000         0.000
 EAS            0.000         0.000         0.000         0.000         0.000
 HIS            0.000         0.000         0.000         0.000         0.000


           THETA
              AGE_1         INCOME        PAR_ED        AFR           EAS
              ________      ________      ________      ________      ________
 AGE_1          0.000
 INCOME         0.000         0.000
 PAR_ED         0.000         0.000         0.000
 AFR            0.000         0.000         0.000         0.000
 EAS            0.000         0.000         0.000         0.000         0.000
 HIS            0.000         0.000         0.000         0.000         0.000


           THETA
              HIS
              ________
 HIS            0.000


           ALPHA
              PR_PAREN      PR_CHILD      DEL_PEER      SCHO_CON      ASB_1
              ________      ________      ________      ________      ________
               -0.008        -0.005        -0.004        -0.003         0.001


           ALPHA
              SUB_1         ASB_3         SUB_3         PGS           SEX
              ________      ________      ________      ________      ________
                0.008         0.005         0.010        -0.001         1.531


           ALPHA
              AGE_1         INCOME        PAR_ED        AFR           EAS
              ________      ________      ________      ________      ________
               16.081         3.564         3.921         0.222         0.048


           ALPHA
              HIS
              ________
                0.109


           BETA
              PR_PAREN      PR_CHILD      DEL_PEER      SCHO_CON      ASB_1
              ________      ________      ________      ________      ________
 PR_PAREN       0.000         0.000         0.000         0.000         0.000
 PR_CHILD       0.000         0.000         0.000         0.000         0.000
 DEL_PEER       0.000         0.000         0.000         0.000         0.000
 SCHO_CON       0.000         0.000         0.000         0.000         0.000
 ASB_1          0.000         0.000         0.000         0.000         0.000
 SUB_1          0.000         0.000         0.000         0.000         0.000
 ASB_3          0.000         0.000         0.000         0.000         0.000
 SUB_3          0.000         0.000         0.000         0.000         0.000
 PGS            0.000         0.000         0.000         0.000         0.000
 SEX            0.000         0.000         0.000         0.000         0.000
 AGE_1          0.000         0.000         0.000         0.000         0.000
 INCOME         0.000         0.000         0.000         0.000         0.000
 PAR_ED         0.000         0.000         0.000         0.000         0.000
 AFR            0.000         0.000         0.000         0.000         0.000
 EAS            0.000         0.000         0.000         0.000         0.000
 HIS            0.000         0.000         0.000         0.000         0.000


           BETA
              SUB_1         ASB_3         SUB_3         PGS           SEX
              ________      ________      ________      ________      ________
 PR_PAREN       0.000         0.000         0.000         0.000         0.000
 PR_CHILD       0.000         0.000         0.000         0.000         0.000
 DEL_PEER       0.000         0.000         0.000         0.000         0.000
 SCHO_CON       0.000         0.000         0.000         0.000         0.000
 ASB_1          0.000         0.000         0.000         0.000         0.000
 SUB_1          0.000         0.000         0.000         0.000         0.000
 ASB_3          0.000         0.000         0.000         0.000         0.000
 SUB_3          0.000         0.000         0.000         0.000         0.000
 PGS            0.000         0.000         0.000         0.000         0.000
 SEX            0.000         0.000         0.000         0.000         0.000
 AGE_1          0.000         0.000         0.000         0.000         0.000
 INCOME         0.000         0.000         0.000         0.000         0.000
 PAR_ED         0.000         0.000         0.000         0.000         0.000
 AFR            0.000         0.000         0.000         0.000         0.000
 EAS            0.000         0.000         0.000         0.000         0.000
 HIS            0.000         0.000         0.000         0.000         0.000


           BETA
              AGE_1         INCOME        PAR_ED        AFR           EAS
              ________      ________      ________      ________      ________
 PR_PAREN       0.000         0.000         0.000         0.000         0.000
 PR_CHILD       0.000         0.000         0.000         0.000         0.000
 DEL_PEER       0.000         0.000         0.000         0.000         0.000
 SCHO_CON       0.000         0.000         0.000         0.000         0.000
 ASB_1          0.000         0.000         0.000         0.000         0.000
 SUB_1          0.000         0.000         0.000         0.000         0.000
 ASB_3          0.000         0.000         0.000         0.000         0.000
 SUB_3          0.000         0.000         0.000         0.000         0.000
 PGS            0.000         0.000         0.000         0.000         0.000
 SEX            0.000         0.000         0.000         0.000         0.000
 AGE_1          0.000         0.000         0.000         0.000         0.000
 INCOME         0.000         0.000         0.000         0.000         0.000
 PAR_ED         0.000         0.000         0.000         0.000         0.000
 AFR            0.000         0.000         0.000         0.000         0.000
 EAS            0.000         0.000         0.000         0.000         0.000
 HIS            0.000         0.000         0.000         0.000         0.000


           BETA
              HIS
              ________
 PR_PAREN       0.000
 PR_CHILD       0.000
 DEL_PEER       0.000
 SCHO_CON       0.000
 ASB_1          0.000
 SUB_1          0.000
 ASB_3          0.000
 SUB_3          0.000
 PGS            0.000
 SEX            0.000
 AGE_1          0.000
 INCOME         0.000
 PAR_ED         0.000
 AFR            0.000
 EAS            0.000
 HIS            0.000


           PSI
              PR_PAREN      PR_CHILD      DEL_PEER      SCHO_CON      ASB_1
              ________      ________      ________      ________      ________
 PR_PAREN       0.492
 PR_CHILD       0.000         0.507
 DEL_PEER       0.000         0.000         0.503
 SCHO_CON       0.000         0.000         0.000         0.502
 ASB_1          0.000         0.000         0.000         0.000         0.498
 SUB_1          0.000         0.000         0.000         0.000         0.000
 ASB_3          0.000         0.000         0.000         0.000         0.000
 SUB_3          0.000         0.000         0.000         0.000         0.000
 PGS            0.000         0.000         0.000         0.000         0.000
 SEX            0.000         0.000         0.000         0.000         0.000
 AGE_1          0.000         0.000         0.000         0.000         0.000
 INCOME         0.000         0.000         0.000         0.000         0.000
 PAR_ED         0.000         0.000         0.000         0.000         0.000
 AFR            0.000         0.000         0.000         0.000         0.000
 EAS            0.000         0.000         0.000         0.000         0.000
 HIS            0.000         0.000         0.000         0.000         0.000


           PSI
              SUB_1         ASB_3         SUB_3         PGS           SEX
              ________      ________      ________      ________      ________
 SUB_1          0.500
 ASB_3          0.000         0.500
 SUB_3          0.000         0.000         0.501
 PGS            0.000         0.000         0.000         0.493
 SEX            0.000         0.000         0.000         0.000         0.125
 AGE_1          0.000         0.000         0.000         0.000         0.000
 INCOME         0.000         0.000         0.000         0.000         0.000
 PAR_ED         0.000         0.000         0.000         0.000         0.000
 AFR            0.000         0.000         0.000         0.000         0.000
 EAS            0.000         0.000         0.000         0.000         0.000
 HIS            0.000         0.000         0.000         0.000         0.000


           PSI
              AGE_1         INCOME        PAR_ED        AFR           EAS
              ________      ________      ________      ________      ________
 AGE_1          1.473
 INCOME         0.000         0.345
 PAR_ED         0.000         0.000         0.807
 AFR            0.000         0.000         0.000         0.086
 EAS            0.000         0.000         0.000         0.000         0.023
 HIS            0.000         0.000         0.000         0.000         0.000


           PSI
              HIS
              ________
 HIS            0.048



     PRIORS FOR ALL PARAMETERS            PRIOR MEAN      PRIOR VARIANCE     PRIOR STD. DEV.

     Parameter 1~N(0.000,infinity)           0.0000            infinity            infinity
     Parameter 2~N(0.000,infinity)           0.0000            infinity            infinity
     Parameter 3~N(0.000,infinity)           0.0000            infinity            infinity
     Parameter 4~N(0.000,infinity)           0.0000            infinity            infinity
     Parameter 5~N(0.000,infinity)           0.0000            infinity            infinity
     Parameter 6~N(0.000,infinity)           0.0000            infinity            infinity
     Parameter 7~N(0.000,infinity)           0.0000            infinity            infinity
     Parameter 8~N(0.000,infinity)           0.0000            infinity            infinity
     Parameter 9~N(0.000,infinity)           0.0000            infinity            infinity
     Parameter 10~N(0.000,infinity)          0.0000            infinity            infinity
     Parameter 11~N(0.000,infinity)          0.0000            infinity            infinity
     Parameter 12~N(0.000,infinity)          0.0000            infinity            infinity
     Parameter 13~N(0.000,infinity)          0.0000            infinity            infinity
     Parameter 14~N(0.000,infinity)          0.0000            infinity            infinity
     Parameter 15~N(0.000,infinity)          0.0000            infinity            infinity
     Parameter 16~N(0.000,infinity)          0.0000            infinity            infinity
     Parameter 17~N(0.000,infinity)          0.0000            infinity            infinity
     Parameter 18~N(0.000,infinity)          0.0000            infinity            infinity
     Parameter 19~N(0.000,infinity)          0.0000            infinity            infinity
     Parameter 20~N(0.000,infinity)          0.0000            infinity            infinity
     Parameter 21~N(0.000,infinity)          0.0000            infinity            infinity
     Parameter 22~N(0.000,infinity)          0.0000            infinity            infinity
     Parameter 23~N(0.000,infinity)          0.0000            infinity            infinity
     Parameter 24~N(0.000,infinity)          0.0000            infinity            infinity
     Parameter 25~N(0.000,infinity)          0.0000            infinity            infinity
     Parameter 26~N(0.000,infinity)          0.0000            infinity            infinity
     Parameter 27~N(0.000,infinity)          0.0000            infinity            infinity
     Parameter 28~N(0.000,infinity)          0.0000            infinity            infinity
     Parameter 29~N(0.000,infinity)          0.0000            infinity            infinity
     Parameter 30~N(0.000,infinity)          0.0000            infinity            infinity
     Parameter 31~N(0.000,infinity)          0.0000            infinity            infinity
     Parameter 32~N(0.000,infinity)          0.0000            infinity            infinity
     Parameter 33~N(0.000,infinity)          0.0000            infinity            infinity
     Parameter 34~N(0.000,infinity)          0.0000            infinity            infinity
     Parameter 35~N(0.000,infinity)          0.0000            infinity            infinity
     Parameter 36~N(0.000,infinity)          0.0000            infinity            infinity
     Parameter 37~N(0.000,infinity)          0.0000            infinity            infinity
     Parameter 38~N(0.000,infinity)          0.0000            infinity            infinity
     Parameter 39~N(0.000,infinity)          0.0000            infinity            infinity
     Parameter 40~N(0.000,infinity)          0.0000            infinity            infinity
     Parameter 41~N(0.000,infinity)          0.0000            infinity            infinity
     Parameter 42~N(0.000,infinity)          0.0000            infinity            infinity
     Parameter 43~N(0.000,infinity)          0.0000            infinity            infinity
     Parameter 44~N(0.000,infinity)          0.0000            infinity            infinity
     Parameter 45~N(0.000,infinity)          0.0000            infinity            infinity
     Parameter 46~N(0.000,infinity)          0.0000            infinity            infinity
     Parameter 47~N(0.000,infinity)          0.0000            infinity            infinity
     Parameter 48~N(0.000,infinity)          0.0000            infinity            infinity
     Parameter 49~N(0.000,infinity)          0.0000            infinity            infinity
     Parameter 50~N(0.000,infinity)          0.0000            infinity            infinity
     Parameter 51~N(0.000,infinity)          0.0000            infinity            infinity
     Parameter 52~N(0.000,infinity)          0.0000            infinity            infinity
     Parameter 53~N(0.000,infinity)          0.0000            infinity            infinity
     Parameter 54~N(0.000,infinity)          0.0000            infinity            infinity
     Parameter 55~N(0.000,infinity)          0.0000            infinity            infinity
     Parameter 56~N(0.000,infinity)          0.0000            infinity            infinity
     Parameter 57~N(0.000,infinity)          0.0000            infinity            infinity
     Parameter 58~N(0.000,infinity)          0.0000            infinity            infinity
     Parameter 59~N(0.000,infinity)          0.0000            infinity            infinity
     Parameter 60~N(0.000,infinity)          0.0000            infinity            infinity
     Parameter 61~N(0.000,infinity)          0.0000            infinity            infinity
     Parameter 62~N(0.000,infinity)          0.0000            infinity            infinity
     Parameter 63~N(0.000,infinity)          0.0000            infinity            infinity
     Parameter 64~N(0.000,infinity)          0.0000            infinity            infinity
     Parameter 65~N(0.000,infinity)          0.0000            infinity            infinity
     Parameter 66~N(0.000,infinity)          0.0000            infinity            infinity
     Parameter 67~N(0.000,infinity)          0.0000            infinity            infinity
     Parameter 68~N(0.000,infinity)          0.0000            infinity            infinity
     Parameter 69~N(0.000,infinity)          0.0000            infinity            infinity
     Parameter 70~N(0.000,infinity)          0.0000            infinity            infinity
     Parameter 71~N(0.000,infinity)          0.0000            infinity            infinity
     Parameter 72~N(0.000,infinity)          0.0000            infinity            infinity
     Parameter 73~N(0.000,infinity)          0.0000            infinity            infinity
     Parameter 74~N(0.000,infinity)          0.0000            infinity            infinity
     Parameter 75~N(0.000,infinity)          0.0000            infinity            infinity
     Parameter 76~N(0.000,infinity)          0.0000            infinity            infinity
     Parameter 77~N(0.000,infinity)          0.0000            infinity            infinity
     Parameter 78~N(0.000,infinity)          0.0000            infinity            infinity
     Parameter 79~N(0.000,infinity)          0.0000            infinity            infinity
     Parameter 80~N(0.000,infinity)          0.0000            infinity            infinity
     Parameter 81~IW(0.000,-9)             infinity            infinity            infinity
     Parameter 82~IW(0.000,-9)             infinity            infinity            infinity
     Parameter 83~IW(0.000,-9)             infinity            infinity            infinity
     Parameter 84~IW(0.000,-9)             infinity            infinity            infinity
     Parameter 85~IW(0.000,-9)             infinity            infinity            infinity
     Parameter 86~IW(0.000,-9)             infinity            infinity            infinity
     Parameter 87~IW(0.000,-9)             infinity            infinity            infinity
     Parameter 88~IW(0.000,-9)             infinity            infinity            infinity
     Parameter 89~IW(0.000,-9)             infinity            infinity            infinity
     Parameter 90~IW(0.000,-9)             infinity            infinity            infinity
     Parameter 91~IW(0.000,-9)             infinity            infinity            infinity
     Parameter 92~IW(0.000,-9)             infinity            infinity            infinity
     Parameter 93~IW(0.000,-9)             infinity            infinity            infinity
     Parameter 94~IW(0.000,-9)             infinity            infinity            infinity
     Parameter 95~IW(0.000,-9)             infinity            infinity            infinity
     Parameter 96~IW(0.000,-9)             infinity            infinity            infinity
     Parameter 97~IW(0.000,-9)             infinity            infinity            infinity
     Parameter 98~IW(0.000,-9)             infinity            infinity            infinity
     Parameter 99~IW(0.000,-9)             infinity            infinity            infinity
     Parameter 100~IW(0.000,-9)            infinity            infinity            infinity
     Parameter 101~IW(0.000,-9)            infinity            infinity            infinity
     Parameter 102~IW(0.000,-9)            infinity            infinity            infinity
     Parameter 103~IW(0.000,-9)            infinity            infinity            infinity
     Parameter 104~IW(0.000,-9)            infinity            infinity            infinity
     Parameter 105~IW(0.000,-9)            infinity            infinity            infinity
     Parameter 106~IW(0.000,-9)            infinity            infinity            infinity
     Parameter 107~IW(0.000,-9)            infinity            infinity            infinity
     Parameter 108~IW(0.000,-9)            infinity            infinity            infinity
     Parameter 109~IW(0.000,-9)            infinity            infinity            infinity
     Parameter 110~IW(0.000,-9)            infinity            infinity            infinity
     Parameter 111~IW(0.000,-9)            infinity            infinity            infinity
     Parameter 112~IW(0.000,-9)            infinity            infinity            infinity
     Parameter 113~IW(0.000,-9)            infinity            infinity            infinity
     Parameter 114~IW(0.000,-9)            infinity            infinity            infinity
     Parameter 115~IW(0.000,-9)            infinity            infinity            infinity
     Parameter 116~IW(0.000,-9)            infinity            infinity            infinity
     Parameter 117~IW(0.000,-9)            infinity            infinity            infinity
     Parameter 118~IW(0.000,-9)            infinity            infinity            infinity
     Parameter 119~IW(0.000,-9)            infinity            infinity            infinity
     Parameter 120~IW(0.000,-9)            infinity            infinity            infinity
     Parameter 121~IW(0.000,-9)            infinity            infinity            infinity
     Parameter 122~IW(0.000,-9)            infinity            infinity            infinity
     Parameter 123~IW(0.000,-9)            infinity            infinity            infinity
     Parameter 124~IW(0.000,-9)            infinity            infinity            infinity
     Parameter 125~IW(0.000,-9)            infinity            infinity            infinity
     Parameter 126~IW(0.000,-9)            infinity            infinity            infinity
     Parameter 127~IW(0.000,-9)            infinity            infinity            infinity
     Parameter 128~IW(0.000,-9)            infinity            infinity            infinity
     Parameter 129~IW(0.000,-9)            infinity            infinity            infinity
     Parameter 130~IW(0.000,-9)            infinity            infinity            infinity
     Parameter 131~IW(0.000,-9)            infinity            infinity            infinity
     Parameter 132~IW(0.000,-9)            infinity            infinity            infinity
     Parameter 133~IW(0.000,-9)            infinity            infinity            infinity
     Parameter 134~IW(0.000,-9)            infinity            infinity            infinity
     Parameter 135~IW(0.000,-9)            infinity            infinity            infinity
     Parameter 136~IW(0.000,-9)            infinity            infinity            infinity
     Parameter 137~IW(0.000,-9)            infinity            infinity            infinity
     Parameter 138~IW(0.000,-9)            infinity            infinity            infinity
     Parameter 139~IW(0.000,-9)            infinity            infinity            infinity
     Parameter 140~IW(0.000,-9)            infinity            infinity            infinity
     Parameter 141~IW(0.000,-9)            infinity            infinity            infinity
     Parameter 142~IW(0.000,-9)            infinity            infinity            infinity
     Parameter 143~IW(0.000,-9)            infinity            infinity            infinity
     Parameter 144~IW(0.000,-9)            infinity            infinity            infinity
     Parameter 145~IW(0.000,-9)            infinity            infinity            infinity
     Parameter 146~IW(0.000,-9)            infinity            infinity            infinity
     Parameter 147~IW(0.000,-9)            infinity            infinity            infinity
     Parameter 148~IW(0.000,-9)            infinity            infinity            infinity
     Parameter 149~IW(0.000,-9)            infinity            infinity            infinity
     Parameter 150~IW(0.000,-9)            infinity            infinity            infinity
     Parameter 151~IW(0.000,-9)            infinity            infinity            infinity
     Parameter 152~IW(0.000,-9)            infinity            infinity            infinity


TECHNICAL 8 OUTPUT


   TECHNICAL 8 OUTPUT FOR BAYES ESTIMATION

     CHAIN    BSEED
     1        0
     2        285380
     3        253358
     4        93468
     5        608496
     6        903420
     7        195873
     8        462953
     9        939021
     10       127215

                     POTENTIAL       PARAMETER WITH
     ITERATION    SCALE REDUCTION      HIGHEST PSR
     100              1.012               110
     200              1.016               130
     300              1.008               130
     400              1.004               17
     500              1.002               24
     600              1.003               1
     700              1.003               81
     800              1.002               44
     900              1.002               44
     1000             1.002               44
     1100             1.002               130
     1200             1.003               130
     1300             1.002               130
     1400             1.002               130
     1500             1.002               12
     1600             1.001               130
     1700             1.001               12
     1800             1.001               12
     1900             1.001               12
     2000             1.001               12
     2100             1.001               12
     2200             1.001               44
     2300             1.001               44
     2400             1.001               44
     2500             1.001               44
     2600             1.001               44
     2700             1.001               44
     2800             1.001               44
     2900             1.001               44
     3000             1.001               44
     3100             1.001               44
     3200             1.001               44
     3300             1.001               44
     3400             1.001               44
     3500             1.001               12
     3600             1.001               23
     3700             1.001               12
     3800             1.000               12
     3900             1.000               129
     4000             1.000               12
     4100             1.000               12
     4200             1.000               12
     4300             1.000               12
     4400             1.000               129
     4500             1.000               129
     4600             1.000               12
     4700             1.000               44
     4800             1.000               44
     4900             1.000               44
     5000             1.000               44
     5100             1.000               44
     5200             1.000               44
     5300             1.000               44
     5400             1.000               44
     5500             1.000               44
     5600             1.000               44
     5700             1.000               44
     5800             1.000               44
     5900             1.000               44
     6000             1.000               44
     6100             1.000               44
     6200             1.000               44
     6300             1.000               44
     6400             1.000               28
     6500             1.000               44
     6600             1.000               44
     6700             1.000               44
     6800             1.000               44
     6900             1.000               29
     7000             1.000               125
     7100             1.000               29
     7200             1.000               29
     7300             1.000               53
     7400             1.000               29
     7500             1.000               29
     7600             1.000               29
     7700             1.000               126
     7800             1.000               32
     7900             1.000               29
     8000             1.000               60
     8100             1.000               23
     8200             1.000               23
     8300             1.000               23
     8400             1.000               23
     8500             1.000               23
     8600             1.000               23
     8700             1.000               23
     8800             1.000               23
     8900             1.000               23
     9000             1.000               49
     9100             1.000               60
     9200             1.000               60
     9300             1.000               60
     9400             1.000               60
     9500             1.000               60
     9600             1.000               60
     9700             1.000               60
     9800             1.000               60
     9900             1.000               60
     10000            1.000               60
     10100            1.000               60
     10200            1.000               60
     10300            1.000               60
     10400            1.000               60
     10500            1.000               60
     10600            1.000               60
     10700            1.000               60
     10800            1.000               60
     10900            1.000               60
     11000            1.000               60
     11100            1.000               60
     11200            1.000               60
     11300            1.000               60
     11400            1.000               60
     11500            1.000               60
     11600            1.000               60
     11700            1.000               60
     11800            1.000               60
     11900            1.000               60
     12000            1.000               60
     12100            1.000               60
     12200            1.000               60
     12300            1.000               60
     12400            1.000               60
     12500            1.000               60
     12600            1.000               36
     12700            1.000               36
     12800            1.000               36
     12900            1.000               60
     13000            1.000               36
     13100            1.000               36
     13200            1.000               36
     13300            1.000               36
     13400            1.000               36
     13500            1.000               60
     13600            1.000               36
     13700            1.000               36
     13800            1.000               36
     13900            1.000               36
     14000            1.000               36
     14100            1.000               123
     14200            1.000               123
     14300            1.000               123
     14400            1.000               123
     14500            1.000               123
     14600            1.000               123
     14700            1.000               123
     14800            1.000               123
     14900            1.000               123
     15000            1.000               123
     15100            1.000               123
     15200            1.000               123
     15300            1.000               123
     15400            1.000               123
     15500            1.000               123
     15600            1.000               123
     15700            1.000               123
     15800            1.000               123
     15900            1.000               123
     16000            1.000               123
     16100            1.000               108
     16200            1.000               81
     16300            1.000               81
     16400            1.000               81
     16500            1.000               81
     16600            1.000               81
     16700            1.000               81
     16800            1.000               68
     16900            1.000               68
     17000            1.000               68
     17100            1.000               68
     17200            1.000               68
     17300            1.000               68
     17400            1.000               68
     17500            1.000               81
     17600            1.000               68
     17700            1.000               68
     17800            1.000               68
     17900            1.000               81
     18000            1.000               81
     18100            1.000               68
     18200            1.000               68
     18300            1.000               68
     18400            1.000               68
     18500            1.000               68
     18600            1.000               20
     18700            1.000               20
     18800            1.000               81
     18900            1.000               68
     19000            1.000               68
     19100            1.000               68
     19200            1.000               68
     19300            1.000               68
     19400            1.000               68
     19500            1.000               68
     19600            1.000               68
     19700            1.000               68
     19800            1.000               68
     19900            1.000               68
     20000            1.000               68
     20100            1.000               68
     20200            1.000               68
     20300            1.000               68
     20400            1.000               68
     20500            1.000               81
     20600            1.000               81
     20700            1.000               24
     20800            1.000               24
     20900            1.000               24
     21000            1.000               24
     21100            1.000               24
     21200            1.000               24
     21300            1.000               48
     21400            1.000               48
     21500            1.000               72
     21600            1.000               72
     21700            1.000               72
     21800            1.000               24
     21900            1.000               24
     22000            1.000               24
     22100            1.000               24
     22200            1.000               24
     22300            1.000               24
     22400            1.000               24
     22500            1.000               24
     22600            1.000               24
     22700            1.000               24
     22800            1.000               24
     22900            1.000               28
     23000            1.000               28
     23100            1.000               24
     23200            1.000               28
     23300            1.000               24
     23400            1.000               24
     23500            1.000               24
     23600            1.000               24
     23700            1.000               24
     23800            1.000               28
     23900            1.000               24
     24000            1.000               81
     24100            1.000               24
     24200            1.000               48
     24300            1.000               48
     24400            1.000               48
     24500            1.000               113
     24600            1.000               28
     24700            1.000               28
     24800            1.000               28
     24900            1.000               76
     25000            1.000               76
     25100            1.000               76
     25200            1.000               28
     25300            1.000               76
     25400            1.000               76
     25500            1.000               76
     25600            1.000               76
     25700            1.000               76
     25800            1.000               76
     25900            1.000               28
     26000            1.000               28
     26100            1.000               66
     26200            1.000               66
     26300            1.000               68
     26400            1.000               68
     26500            1.000               68
     26600            1.000               68
     26700            1.000               68
     26800            1.000               68
     26900            1.000               68
     27000            1.000               68
     27100            1.000               68
     27200            1.000               68
     27300            1.000               68
     27400            1.000               68
     27500            1.000               68
     27600            1.000               68
     27700            1.000               68
     27800            1.000               68
     27900            1.000               68
     28000            1.000               68
     28100            1.000               68
     28200            1.000               68
     28300            1.000               76
     28400            1.000               76
     28500            1.000               81
     28600            1.000               81
     28700            1.000               76
     28800            1.000               76
     28900            1.000               24
     29000            1.000               24
     29100            1.000               24
     29200            1.000               24
     29300            1.000               24
     29400            1.000               24
     29500            1.000               24
     29600            1.000               24
     29700            1.000               76
     29800            1.000               76
     29900            1.000               77
     30000            1.000               76


PLOT INFORMATION

The following plots are available:

  Bayesian posterior parameter distributions
  Bayesian posterior parameter trace plots
  Bayesian autocorrelation plots
  Bayesian posterior predictive checking scatterplots
  Bayesian posterior predictive checking distribution plots

DIAGRAM INFORMATION

  Use View Diagram under the Diagram menu in the Mplus Editor to view the diagram.
  If running Mplus from the Mplus Diagrammer, the diagram opens automatically.

  Diagram output
    c:\repo\2024_within_fam_rge\analysis\population_regression.dgm

     Beginning Time:  09:23:02
        Ending Time:  09:38:44
       Elapsed Time:  00:15:42



MUTHEN & MUTHEN
3463 Stoner Ave.
Los Angeles, CA  90066

Tel: (310) 391-9971
Fax: (310) 391-8971
Web: www.StatModel.com
Support: Support@StatModel.com

Copyright (c) 1998-2021 Muthen & Muthen
